case_id,sheet,level_1_feature,level_2_feature,classification_code,classification,test_result,probe_id,runner_command,returncode,duration_seconds,implementation_entrypoints,supported_boundaries_exclusions,evidence_summary
P22-WF-L2-001,Workflow Features,Ingestion,Request Capture,1,Function implemented and test passed,PASS,wf_intent_capture,.\.venv\Scripts\python.exe -m pytest -q tests/harness/test_intent_gateway.py::test_capture_writes_raw_rewritten_ir_and_trace,0,2.216,"harness/solar-harness.sh::intake_request, write_intake_raw_record; harness/lib/intent_gateway.py::capture, deterministic_rewrite, build_requirement_ir; harness/lib/intent_consumer.py::consume_one","Supports textual requests and file/stdin capture. Capture does not itself prove qualification, resolve requirements, or execute the requested work.",Executable representative-core probe passed.
P22-WF-L2-002,Workflow Features,Ingestion,Qualified Channel Signal Intake,3,Function not implemented and test blocked,BLOCKED,,,,0.0,Not found in current codebase. Closest surfaces: `harness/webhook-server.ts`; `harness/lib/policy/action_policy.py`.,"Raw Slack webhook intake exists, but V-05 qualification and permitted-context filtering are absent; raw traffic must not be treated as satisfying this L2.",No direct core implementation was found; adjacent or partial surfaces do not satisfy this L2 contract.
P22-WF-L2-003,Workflow Features,Ingestion,User-Supplied Material Import,1,Function implemented and test passed,PASS,wf_paper_prepare,.\.venv\Scripts\python.exe -m pytest -q tests/plugins/autosci/test_paper_prepare.py::test_prepare_pdf_prefers_arxiv_source_when_recovered,0,1.668,"harness/plugins/autosci/backends/paper_prepare.py::prepare_paper_source, read_paper_source; harness/plugins/autosci/bin/autosci_bridge.py::_read_sample_paper, _native_prepare_paper_source","Current implementation is research-paper oriented. No verified semantic import exists for Office documents, spreadsheets/general datasets, arbitrary repositories, or arbitrary non-arXiv URLs.",Executable representative-core probe passed.
P22-WF-L2-004,Workflow Features,Ingestion,Intake Context Binding,1,Function implemented and test passed,PASS,wf_intent_bind,.\.venv\Scripts\python.exe -m pytest -q tests/harness/test_intent_gateway.py::test_bind_copies_intent_artifacts_to_sprint,0,2.592,"harness/lib/workspace_binding.py::bind_active_workspace, sprint_workspace_root; harness/lib/intent_gateway.py::capture, bind_intent_artifacts; harness/lib/intent_consumer.py::consume_one",Binds explicit local workflow context; it does not infer authorization to unrelated workspaces or automatically import arbitrary prior artifacts.,Executable representative-core probe passed.
P22-WF-L2-005,Workflow Features,Ingestion,Real-Time Intake Deduplication & Cleaning,1,Function implemented and test passed,PASS,wf_intent_consume,.\.venv\Scripts\python.exe -m pytest -q tests/harness/test_intent_consumer.py::test_consumer_compiles_rawintent_to_sprint_package,0,4.921,harness/lib/intent_consumer.py::consume_one; harness/tools/codex_pm_router.py::_normalized_text; harness/lib/intent_gateway.py::capture,"Same-intent idempotence is supported. Cross-intent replay detection, exact/near duplicate merging, revision preservation, and corroboration tracking are not found.",Executable representative-core probe passed.
P22-WF-L2-006,Workflow Features,Ingestion,Intake Provenance Registration,1,Function implemented and test passed,PASS,wf_intent_capture,.\.venv\Scripts\python.exe -m pytest -q tests/harness/test_intent_gateway.py::test_capture_writes_raw_rewritten_ir_and_trace,0,2.216,"harness/lib/intent_gateway.py::capture, build_requirement_ir, bind_intent_artifacts; harness/solar-harness.sh::write_intake_raw_record",Strong for local intake capture and derived-artifact lineage; it is not a universal content-addressed provenance ledger for every external provider transformation.,Executable representative-core probe passed.
P22-WF-L2-007,Workflow Features,Ingestion,Intake Qualification,1,Function implemented and test passed,PASS,wf_intake_qualification,.\.venv\Scripts\python.exe -m pytest -q tests/harness/livework/test_intake_state_machine.py::TestHappyPath::test_full_happy_path,0,2.058,"harness/lib/livework/intake_state_machine.py::intake_requirement, IntakeFSM; harness/lib/livework/schemas.py::RequirementIntakePayload, RequirementIntake; harness/tools/codex_pm_router.py::validate_compiled_package","Covers structural completeness and workflow accessibility. It does not deeply verify truth, malware safety, all file readability, or channel-specific authorization.",Executable representative-core probe passed.
P22-WF-L2-008,Workflow Features,Requirement compilation,Intent Interpretation,1,Function implemented and test passed,PASS,wf_pm_build,.\.venv\Scripts\python.exe -m pytest -q tests/harness/test_codex_pm_router.py::test_build_pm_intake_emits_capsule_plan_for_standard_request,0,3.56,"harness/tools/codex_pm_router.py::build_pm_intake, _build_requirement_items; harness/lib/intent_gateway.py::deterministic_rewrite, build_requirement_ir",Deterministic interpretation supports planning but does not select an opportunity or prove the user’s unstated intent.,Executable representative-core probe passed.
P22-WF-L2-009,Workflow Features,Requirement compilation,Context Scoping,1,Function implemented and test passed,PASS,wf_pm_build,.\.venv\Scripts\python.exe -m pytest -q tests/harness/test_codex_pm_router.py::test_build_pm_intake_emits_capsule_plan_for_standard_request,0,3.56,"harness/tools/codex_pm_router.py::build_pm_intake, _default_non_goals, _node_enrichment; harness/lib/workspace_binding.py; harness/lib/plan_validator.py",Current scoping is strong for repository/workspace and task boundaries; rich domain entity/time-horizon modeling is mostly free text.,Executable representative-core probe passed.
P22-WF-L2-010,Workflow Features,Requirement compilation,Ambiguity Resolution,1,Function implemented and test passed,PASS,wf_pm_build,.\.venv\Scripts\python.exe -m pytest -q tests/harness/test_codex_pm_router.py::test_build_pm_intake_emits_capsule_plan_for_standard_request,0,3.56,"harness/tools/codex_pm_router.py::_derive_assumptions, _derive_open_questions, build_pm_intake, validate_compiled_package",Explicit assumption/open-question generation exists; focused user questioning and conflict-resolution dialogue are not fully automated as a standalone feature.,Executable representative-core probe passed.
P22-WF-L2-011,Workflow Features,Requirement compilation,Constraint Resolution,1,Function implemented and test passed,PASS,wf_pm_reject,.\.venv\Scripts\python.exe -m pytest -q tests/harness/test_codex_pm_router.py::test_validate_compiled_package_rejects_raw_metadata_pollution,0,3.581,"harness/tools/codex_pm_router.py::_build_contracts, _default_stop_rules, _node_enrichment; harness/lib/plan_validator.py::compile_and_stamp; harness/lib/policy/action_policy.py",Repository governance and action restrictions are concrete; cost and domain-specific policy tradeoff resolution may remain textual.,Executable representative-core probe passed.
P22-WF-L2-012,Workflow Features,Requirement compilation,Requirement Prioritization,1,Function implemented and test passed,PASS,wf_pm_build,.\.venv\Scripts\python.exe -m pytest -q tests/harness/test_codex_pm_router.py::test_build_pm_intake_emits_capsule_plan_for_standard_request,0,3.56,"harness/tools/codex_pm_router.py::_build_requirement_items, _short_task_graph, _standard_task_graph, build_pm_intake",Priority fields and dependency graph exist; rich preference optimization and explicit tradeability scoring are limited.,Executable representative-core probe passed.
P22-WF-L2-013,Workflow Features,Requirement compilation,Acceptance Definition,1,Function implemented and test passed,PASS,wf_pm_reject,.\.venv\Scripts\python.exe -m pytest -q tests/harness/test_codex_pm_router.py::test_validate_compiled_package_rejects_raw_metadata_pollution,0,3.581,"harness/tools/codex_pm_router.py::_default_acceptance, _default_stop_rules, _build_contracts; harness/lib/plan_validator.py; harness/schemas/acceptance-verdict.schema.json",Strong for repository task proof and schema conformance; scientific/business thresholds still require user/domain definition.,Executable representative-core probe passed.
P22-WF-L2-014,Workflow Features,Requirement compilation,Requirement Contract Confirmation,1,Function implemented and test passed,PASS,wf_pm_reject,.\.venv\Scripts\python.exe -m pytest -q tests/harness/test_codex_pm_router.py::test_validate_compiled_package_rejects_raw_metadata_pollution,0,3.581,"harness/tools/codex_pm_router.py::build_pm_intake, validate_compiled_package; harness/lib/plan_validator.py::compile_and_stamp; harness/lib/workflow_intake.py::create_contract_sprint",Versioned/stamped contracts and assumptions exist; explicit conversational user confirmation is not a universal mandatory step in the current local flow.,Executable representative-core probe passed.
P22-WF-L2-015,Workflow Features,Search & ideation,Search Strategy Formation,1,Function implemented and test passed,PASS,wf_lit_strategy,.\.venv\Scripts\python.exe -m pytest -q tests/plugins/autosci/test_literature_discover.py::test_from_wiki_uses_recent_arxiv_anchors_and_honors_limit,0,1.514,"harness/plugins/autosci/backends/literature_discover.py::discover_literature, _score_candidate, _finalize_candidates; harness/lib/research/evaluator.py::source_requirements_for_profile","Implements literature search strategy; source-family, geography, viewpoint, and general open-web strategy are not all first-class.",Executable representative-core probe passed.
P22-WF-L2-016,Workflow Features,Search & ideation,Multi-Source Signal Discovery,1,Function implemented and test passed,PASS,wf_lit_provider,.\.venv\Scripts\python.exe -m pytest -q tests/plugins/autosci/test_literature_discover.py::test_topic_discovery_retries_semantic_scholar_429_then_returns_candidates,0,1.564,harness/plugins/autosci/backends/literature_discover.py::discover_literature; harness/plugins/autosci/adapters/autosci_to_literature_discovery.py::convert,"No verified unified discovery across patents, standards, experts, think tanks, industry reports, big-tech dynamics, broad communities, all open web, and internal history; parallel research agents are not a distinct implementation here.",Executable representative-core probe passed.
P22-WF-L2-017,Workflow Features,Search & ideation,Source Qualification,1,Function implemented and test passed,PASS,wf_lit_provider,.\.venv\Scripts\python.exe -m pytest -q tests/plugins/autosci/test_literature_discover.py::test_topic_discovery_retries_semantic_scholar_429_then_returns_candidates,0,1.564,"harness/plugins/autosci/backends/literature_discover.py::_score_candidate, _dedupe_candidates; harness/lib/research/evaluator.py::evaluate_retrieval_closeout",Authority/recency/diversity/provenance are implemented through heuristics and metadata; incentives and nuanced bias are not fully automated.,Executable representative-core probe passed.
P22-WF-L2-018,Workflow Features,Search & ideation,Technical Signal Extraction,1,Function implemented and test passed,PASS,wf_grounded,.\.venv\Scripts\python.exe -m pytest -q tests/harness/scenarios/test_p7_grounded_synthesis.py::test_fixed_source_packs_compile_to_a_passing_topic_general_report,0,2.241,"harness/lib/research/grounded_synthesis.py; harness/lib/research/claim_compiler.py; harness/plugins/autosci/bin/autosci_bridge.py::_paper_claims_raw, _paper_methods_raw","Paper claims/methods and grounded synthesis are supported; generalized benchmark, adoption, dependency, and failure extraction across all source types is partial.",Executable representative-core probe passed.
P22-WF-L2-019,Workflow Features,Search & ideation,Signal Organization,1,Function implemented and test passed,PASS,wf_grounded,.\.venv\Scripts\python.exe -m pytest -q tests/harness/scenarios/test_p7_grounded_synthesis.py::test_fixed_source_packs_compile_to_a_passing_topic_general_report,0,2.241,"harness/lib/research/grounded_synthesis.py::_merge_source_packs, _validated_evidence_links, compile_grounded_report; harness/lib/research/claim_compiler.py",Convergence/divergence and contradictions are represented; richer semantic clusters and dependency graphs are limited.,Executable representative-core probe passed.
P22-WF-L2-020,Workflow Features,Search & ideation,Trend & Gap Analysis,1,Function implemented and test passed,PASS,wf_grounded,.\.venv\Scripts\python.exe -m pytest -q tests/harness/scenarios/test_p7_grounded_synthesis.py::test_fixed_source_packs_compile_to_a_passing_topic_general_report,0,2.241,"harness/lib/research/grounded_synthesis.py::_validated_evidence_gaps; harness/lib/research/survey/quality.py::_build_literature_map, _build_controversy_review; harness/lib/research/survey/evidence_pack.py::build_evidence_packs","Evidence gaps and controversy are implemented; general longitudinal momentum/decay, abandoned-direction, bottleneck, and white-space detection across all source families is partial.",Executable representative-core probe passed.
P22-WF-L2-021,Workflow Features,Search & ideation,Idea Generation,2,Function implemented but test failed,FAIL,wf_ideate,.\.venv\Scripts\python.exe -m pytest -q tests/plugins/autosci/test_autosci_skill_shim.py::test_autosci_skill_shim_runs_ideate_from_wiki_and_discovery_sources,1,6.809,"harness/plugins/autosci/backends/idea_source.py::collect_idea_sources, build_idea_candidates, _candidate_status, _apply_max_ideas_selection",Several deterministic generation paths exist; diversity is heuristic and initial opposing evidence is more mature in later novelty review than in every candidate.,"a_write_count""] == 0
        assert growth_report[""wiki_scan""][""source_mode""] == ""mixed""
        source_proof = json.loads((tmp_path / artifacts[""provider_source_runtime_proof_manifest_json""]).read_text(encoding=""utf-8""))
        source_proof_entry = source_proof[""proofs""][0]
        assert source_proof_entry[""native_skill""] == ""ideate""
        assert source_proof_entry[""categories""] == [""provider_source_evidence""]
        assert source_proof_entry[""collection_mode""] == ""manual_review""
        assert not any(category == ""external_runtime_evidence"" for category in source_proof_entry[""categories""])
>       assert any(ref.endswith(""methods/adaptation.md"") for ref in source_proof_entry[""evidence_refs""])
E       assert False
E        +  where False = any(<generator object test_autosci_skill_shim_runs_ideate_from_wiki_and_discovery_sources.<locals>.<genexpr> at 0x000001E45F802DC0>)

tests\plugins\autosci\test_autosci_skill_shim.py:10394: AssertionError
=========================== short test summary info ===========================
FAILED tests/plugins/autosci/test_autosci_skill_shim.py::test_autosci_skill_shim_runs_ideate_from_wiki_and_discovery_sources
1 failed in 5.93s
"
P22-WF-L2-022,Workflow Features,Search & ideation,Search Coverage Review,1,Function implemented and test passed,PASS,wf_evaluation,.\.venv\Scripts\python.exe -m pytest -q tests/harness/research_unit/test_evaluator.py::test_evaluate_artifacts_passes_complete_artifact_set,0,1.9,harness/lib/research/survey/evaluator.py::evaluate_survey; harness/lib/research/survey/quality.py::_build_source_coverage; harness/lib/research/evaluator.py::evaluate_artifacts,"Technical/source-type/counter-evidence coverage is supported; explicit geographic, temporal, and viewpoint coverage dimensions are not all first-class.",Executable representative-core probe passed.
P22-WF-L2-023,Workflow Features,Idea identification / screening / opportunity selection,Candidate Consolidation,1,Function implemented and test passed,PASS,wf_ideate_dedup,.\.venv\Scripts\python.exe -m pytest -q tests/plugins/autosci/test_autosci_skill_shim.py::test_autosci_skill_shim_ideate_active_idea_dedup_filters_duplicate,0,3.786,"harness/plugins/autosci/backends/idea_source.py::_overlaps_known, _candidate_status, _apply_max_ideas_selection, build_idea_candidates",Token/text overlap and deterministic selection exist; robust semantic duplicate resolution and explicit variant-preservation logic are limited.,Executable representative-core probe passed.
P22-WF-L2-024,Workflow Features,Idea identification / screening / opportunity selection,Idea Identification,2,Function implemented but test failed,FAIL,wf_ideate,.\.venv\Scripts\python.exe -m pytest -q tests/plugins/autosci/test_autosci_skill_shim.py::test_autosci_skill_shim_runs_ideate_from_wiki_and_discovery_sources,1,6.809,harness/plugins/autosci/backends/idea_source.py::build_idea_candidates; harness/plugins/autosci/adapters/autosci_to_idea_candidate.py::convert,Recognizable technical candidates are implemented; explicit user-value proposition fields are mostly embedded in text rather than separately typed.,"a_write_count""] == 0
        assert growth_report[""wiki_scan""][""source_mode""] == ""mixed""
        source_proof = json.loads((tmp_path / artifacts[""provider_source_runtime_proof_manifest_json""]).read_text(encoding=""utf-8""))
        source_proof_entry = source_proof[""proofs""][0]
        assert source_proof_entry[""native_skill""] == ""ideate""
        assert source_proof_entry[""categories""] == [""provider_source_evidence""]
        assert source_proof_entry[""collection_mode""] == ""manual_review""
        assert not any(category == ""external_runtime_evidence"" for category in source_proof_entry[""categories""])
>       assert any(ref.endswith(""methods/adaptation.md"") for ref in source_proof_entry[""evidence_refs""])
E       assert False
E        +  where False = any(<generator object test_autosci_skill_shim_runs_ideate_from_wiki_and_discovery_sources.<locals>.<genexpr> at 0x000001E45F802DC0>)

tests\plugins\autosci\test_autosci_skill_shim.py:10394: AssertionError
=========================== short test summary info ===========================
FAILED tests/plugins/autosci/test_autosci_skill_shim.py::test_autosci_skill_shim_runs_ideate_from_wiki_and_discovery_sources
1 failed in 5.93s
"
P22-WF-L2-025,Workflow Features,Idea identification / screening / opportunity selection,Idea Card Formation,2,Function implemented but test failed,FAIL,wf_ideate,.\.venv\Scripts\python.exe -m pytest -q tests/plugins/autosci/test_autosci_skill_shim.py::test_autosci_skill_shim_runs_ideate_from_wiki_and_discovery_sources,1,6.809,harness/plugins/autosci/adapters/autosci_to_idea_candidate.py::convert; harness/plugins/autosci/adapters/autosci_to_idea_evaluation.py::convert; harness/plugins/autosci/backends/novelty_review.py::evaluate_novelty_and_review,The fields exist across `idea_candidate` and `idea_evaluation`; no single governing Idea Card schema contains every described field/open question.,"a_write_count""] == 0
        assert growth_report[""wiki_scan""][""source_mode""] == ""mixed""
        source_proof = json.loads((tmp_path / artifacts[""provider_source_runtime_proof_manifest_json""]).read_text(encoding=""utf-8""))
        source_proof_entry = source_proof[""proofs""][0]
        assert source_proof_entry[""native_skill""] == ""ideate""
        assert source_proof_entry[""categories""] == [""provider_source_evidence""]
        assert source_proof_entry[""collection_mode""] == ""manual_review""
        assert not any(category == ""external_runtime_evidence"" for category in source_proof_entry[""categories""])
>       assert any(ref.endswith(""methods/adaptation.md"") for ref in source_proof_entry[""evidence_refs""])
E       assert False
E        +  where False = any(<generator object test_autosci_skill_shim_runs_ideate_from_wiki_and_discovery_sources.<locals>.<genexpr> at 0x000001E45F802DC0>)

tests\plugins\autosci\test_autosci_skill_shim.py:10394: AssertionError
=========================== short test summary info ===========================
FAILED tests/plugins/autosci/test_autosci_skill_shim.py::test_autosci_skill_shim_runs_ideate_from_wiki_and_discovery_sources
1 failed in 5.93s
"
P22-WF-L2-026,Workflow Features,Idea identification / screening / opportunity selection,Opportunity Definition,2,Function implemented but test failed,FAIL,wf_ideate,.\.venv\Scripts\python.exe -m pytest -q tests/plugins/autosci/test_autosci_skill_shim.py::test_autosci_skill_shim_runs_ideate_from_wiki_and_discovery_sources,1,6.809,harness/plugins/autosci/backends/idea_source.py::build_idea_candidates; harness/schemas/evidence/idea_candidate.v1.schema.json,"Technical gap/opportunity framing is present, but unmet user, missing capability, and actionability are not separate typed fields.","a_write_count""] == 0
        assert growth_report[""wiki_scan""][""source_mode""] == ""mixed""
        source_proof = json.loads((tmp_path / artifacts[""provider_source_runtime_proof_manifest_json""]).read_text(encoding=""utf-8""))
        source_proof_entry = source_proof[""proofs""][0]
        assert source_proof_entry[""native_skill""] == ""ideate""
        assert source_proof_entry[""categories""] == [""provider_source_evidence""]
        assert source_proof_entry[""collection_mode""] == ""manual_review""
        assert not any(category == ""external_runtime_evidence"" for category in source_proof_entry[""categories""])
>       assert any(ref.endswith(""methods/adaptation.md"") for ref in source_proof_entry[""evidence_refs""])
E       assert False
E        +  where False = any(<generator object test_autosci_skill_shim_runs_ideate_from_wiki_and_discovery_sources.<locals>.<genexpr> at 0x000001E45F802DC0>)

tests\plugins\autosci\test_autosci_skill_shim.py:10394: AssertionError
=========================== short test summary info ===========================
FAILED tests/plugins/autosci/test_autosci_skill_shim.py::test_autosci_skill_shim_runs_ideate_from_wiki_and_discovery_sources
1 failed in 5.93s
"
P22-WF-L2-027,Workflow Features,Idea identification / screening / opportunity selection,Technical Opportunity Screening,1,Function implemented and test passed,PASS,wf_novelty,.\.venv\Scripts\python.exe -m pytest -q tests/plugins/autosci/test_autosci_skill_shim.py::test_autosci_skill_shim_runs_novelty_target_with_local_sources,0,3.507,harness/plugins/autosci/backends/novelty_review.py::evaluate_novelty_and_review; harness/plugins/autosci/adapters/autosci_to_idea_evaluation.py::convert,"Novelty and feasibility are explicit; reachable data, mechanism maturity, and credible verification path are not all independently scored.",Executable representative-core probe passed.
P22-WF-L2-028,Workflow Features,Idea identification / screening / opportunity selection,Strategic Opportunity Screening,3,Function not implemented and test blocked,BLOCKED,,,,0.0,Not found as a dedicated implementation. Closest: `harness/plugins/autosci/backends/novelty_review.py::evaluate_novelty_and_review`.,"Novelty/feasibility/risk review is available, but company value, timing, defensibility, adoption, legal exposure, and resource implications are not modeled as a complete strategic screen.",No direct core implementation was found; adjacent or partial surfaces do not satisfy this L2 contract.
P22-WF-L2-029,Workflow Features,Idea identification / screening / opportunity selection,Opportunity Portfolio Prioritization,1,Function implemented and test passed,PASS,wf_ideate_dedup,.\.venv\Scripts\python.exe -m pytest -q tests/plugins/autosci/test_autosci_skill_shim.py::test_autosci_skill_shim_ideate_active_idea_dedup_filters_duplicate,0,3.786,harness/plugins/autosci/backends/idea_source.py::_apply_max_ideas_selection; harness/plugins/autosci/backends/novelty_review.py::evaluate_novelty_and_review,"Supports maximum-count selection and screening recommendations; transparent strategic criteria, diversity optimization, and detailed defer/reject rationale are limited.",Executable representative-core probe passed.
P22-WF-L2-030,Workflow Features,Generate technical claims & hypothesis,Research Question & Technical Claim Formation,1,Function implemented and test passed,PASS,wf_claim_convert,.\.venv\Scripts\python.exe -m pytest -q tests/plugins/autosci/test_conversion_to_solar_evidence.py::test_raw_claims_convert_to_unverified_solar_claims,0,1.087,"harness/plugins/autosci/bin/autosci_bridge.py::_paper_claims_raw, _claim_testability; harness/plugins/autosci/adapters/autosci_to_research_claims.py::convert","Deterministic paper claim extraction exists; explicit typed research question, expected effect, research object, and applicability fields are limited.",Executable representative-core probe passed.
P22-WF-L2-031,Workflow Features,Generate technical claims & hypothesis,"Claim, Evidence, Data & Method Modeling",1,Function implemented and test passed,PASS,wf_phase4_convert,.\.venv\Scripts\python.exe -m pytest -q tests/plugins/autosci/test_conversion_to_solar_evidence.py::test_core_phase4_converters_emit_expected_schema_names,0,1.001,harness/plugins/autosci/adapters/autosci_to_research_claims.py::convert; harness/plugins/autosci/adapters/autosci_to_research_method.py::convert; harness/plugins/autosci/adapters/autosci_to_experiment_plan.py::convert,Typed claim/method/experiment fields exist; a single explicit claim-evidence-data-method graph and formal missing-evidence edges are not fully unified.,Executable representative-core probe passed.
P22-WF-L2-032,Workflow Features,Generate technical claims & hypothesis,Hypothesis Pool & Mechanism Formation,3,Function not implemented and test blocked,BLOCKED,,,,0.0,Partial only: `harness/plugins/autosci/backends/idea_source.py::build_idea_candidates`; `harness/plugins/autosci/adapters/autosci_to_experiment_plan.py::convert`.,"Single-hypothesis storage is supported. Alternative/competing hypotheses, mechanism nodes/edges, and pool ranking are absent.",No direct core implementation was found; adjacent or partial surfaces do not satisfy this L2 contract.
P22-WF-L2-033,Workflow Features,Generate technical claims & hypothesis,Falsifiability Screening & Hypothesis Contracting,1,Function implemented and test passed,PASS,wf_phase4_convert,.\.venv\Scripts\python.exe -m pytest -q tests/plugins/autosci/test_conversion_to_solar_evidence.py::test_core_phase4_converters_emit_expected_schema_names,0,1.001,harness/plugins/autosci/bin/autosci_bridge.py::_claim_testability; harness/plugins/autosci/adapters/autosci_to_experiment_plan.py::convert; harness/schemas/evidence/experiment_plan.v1.schema.json,"The testability check is a keyword heuristic, not a rigorous logical falsifiability proof; overturning conditions are represented indirectly through metrics/outcomes.",Executable representative-core probe passed.
P22-WF-L2-034,Workflow Features,Generate technical claims & hypothesis,Verification-Ready POC Design,2,Function implemented but test failed,FAIL,wf_exp_design,.\.venv\Scripts\python.exe -m pytest -q tests/plugins/autosci/test_autosci_skill_shim.py::test_autosci_skill_shim_exp_design_marks_execution_ready_with_approval_preflight,1,4.127,harness/plugins/autosci/adapters/autosci_to_experiment_plan.py::convert; harness/schemas/evidence/experiment_plan.v1.schema.json,Strong mapping to experiment design; no distinct general-purpose POC-design schema or complete success/failure threshold model beyond plan content.,"ccess_criteria""]
        artifacts = {artifact[""type""]: artifact[""path""] for artifact in evidence[""artifacts""]}
        assert ""experiment_design_final_execution_boundary_json"" in artifacts
        sidecar = json.loads((tmp_path / artifacts[""experiment_design_final_execution_boundary_json""]).read_text(encoding=""utf-8""))
        assert sidecar[""status""] == ""execution_ready""
        payload_artifacts = {artifact[""type""]: artifact[""path""] for artifact in payload[""artifacts""]}
>       assert ""wiki_mutation_runtime_proof_manifest_json"" in payload_artifacts
E       AssertionError: assert 'wiki_mutation_runtime_proof_manifest_json' in {'route_config': 'C:\\Users\\j50058254\\Desktop\\Github repo\\OpenSolar-Canonical\\harness\\plugins\\autosci\\config\\...i_skill_shim_exp_de0\\artifacts\\autosci\\runs\\shim-exp-design-execution-ready\\autosci_skill_run_progress.json', ...}

tests\plugins\autosci\test_autosci_skill_shim.py:2290: AssertionError
=========================== short test summary info ===========================
FAILED tests/plugins/autosci/test_autosci_skill_shim.py::test_autosci_skill_shim_exp_design_marks_execution_ready_with_approval_preflight
1 failed in 3.25s
"
P22-WF-L2-035,Workflow Features,POC implementation,POC Implementation Environment Preparation,1,Function implemented and test passed,PASS,wf_poc_plan,.\.venv\Scripts\python.exe -m pytest -q tests/harness/test_autosci_intake_contract.py::test_autosci_contract_task_graph_selects_autosci_physical_workers,0,6.114,harness/tools/codex_pm_router.py::_node_enrichment; harness/lib/plan_validator.py; harness/lib/graph_node_dispatcher.py,Generic governed preparation exists; no first-class cross-domain POC environment preparer or standardized environment snapshot is found.,Executable representative-core probe passed.
P22-WF-L2-036,Workflow Features,POC implementation,POC Construction,2,Function implemented but test failed,FAIL,wf_exp_run,.\.venv\Scripts\python.exe -m pytest -q tests/plugins/autosci/test_autosci_skill_shim.py::test_autosci_skill_shim_exp_pilot_run_parity_demo_auto_executes_local_command,1,3.644,"harness/tools/codex_pm_router.py::_short_task_graph, _standard_task_graph, _node_enrichment; harness/lib/graph_node_dispatcher.py",Generic code-building nodes are supported; models/prompts/hardware POCs depend on available workers/tools and are not uniformly implemented.,"                              str(marker),
                            ]
                        )
                    ],
                }
            ),
            encoding=""utf-8"",
        )

        proc = run_shim(
            tmp_path,
            ""$exp-pilot-run"",
            ""pilot-parity-001"",
            ""--allowlist-evidence"",
            str(allowlist),
            ""--gate-mode"",
            ""parity_demo"",
            ""--run-id"",
            ""shim-exp-pilot-run-parity-command"",
        )
>       assert proc.returncode == 0, proc.stderr
E       AssertionError:
E       assert 2 == 0
E        +  where 2 = CompletedProcess(args=['C:\\Users\\j50058254\\Desktop\\Github repo\\OpenSolar-Canonical\\.venv\\Scripts\\python.exe', ...un"",\n  ""status"": ""failed"",\n  ""work_dir"": ""artifacts/autosci/runs/shim-exp-pilot-run-parity-command""\n}\n', stderr='').returncode

tests\plugins\autosci\test_autosci_skill_shim.py:2860: AssertionError
=========================== short test summary info ===========================
FAILED tests/plugins/autosci/test_autosci_skill_shim.py::test_autosci_skill_shim_exp_pilot_run_parity_demo_auto_executes_local_command
1 failed in 2.78s
"
P22-WF-L2-037,Workflow Features,POC implementation,POC Component Integration & Configuration,2,Function implemented but test failed,FAIL,wf_exp_run,.\.venv\Scripts\python.exe -m pytest -q tests/plugins/autosci/test_autosci_skill_shim.py::test_autosci_skill_shim_exp_pilot_run_parity_demo_auto_executes_local_command,1,3.644,"harness/tools/codex_pm_router.py::_standard_task_graph, _node_enrichment; harness/lib/plan_validator.py; harness/lib/graph_node_dispatcher.py",Dependency-aware generic graph integration exists; there is no POC-specific integration schema or universal interface compatibility checker.,"                              str(marker),
                            ]
                        )
                    ],
                }
            ),
            encoding=""utf-8"",
        )

        proc = run_shim(
            tmp_path,
            ""$exp-pilot-run"",
            ""pilot-parity-001"",
            ""--allowlist-evidence"",
            str(allowlist),
            ""--gate-mode"",
            ""parity_demo"",
            ""--run-id"",
            ""shim-exp-pilot-run-parity-command"",
        )
>       assert proc.returncode == 0, proc.stderr
E       AssertionError:
E       assert 2 == 0
E        +  where 2 = CompletedProcess(args=['C:\\Users\\j50058254\\Desktop\\Github repo\\OpenSolar-Canonical\\.venv\\Scripts\\python.exe', ...un"",\n  ""status"": ""failed"",\n  ""work_dir"": ""artifacts/autosci/runs/shim-exp-pilot-run-parity-command""\n}\n', stderr='').returncode

tests\plugins\autosci\test_autosci_skill_shim.py:2860: AssertionError
=========================== short test summary info ===========================
FAILED tests/plugins/autosci/test_autosci_skill_shim.py::test_autosci_skill_shim_exp_pilot_run_parity_demo_auto_executes_local_command
1 failed in 2.78s
"
P22-WF-L2-038,Workflow Features,POC implementation,POC Functional Readiness Validation,2,Function implemented but test failed,FAIL,wf_exp_run,.\.venv\Scripts\python.exe -m pytest -q tests/plugins/autosci/test_autosci_skill_shim.py::test_autosci_skill_shim_exp_pilot_run_parity_demo_auto_executes_local_command,1,3.644,harness/lib/graph_node_dispatcher.py::_node_evaluation_plan and artifact publication; harness/lib/plan_validator.py gate validation,Generic TestRunner/Verifier readiness is supported; domain-specific POC smoke semantics require explicit test definitions.,"                              str(marker),
                            ]
                        )
                    ],
                }
            ),
            encoding=""utf-8"",
        )

        proc = run_shim(
            tmp_path,
            ""$exp-pilot-run"",
            ""pilot-parity-001"",
            ""--allowlist-evidence"",
            str(allowlist),
            ""--gate-mode"",
            ""parity_demo"",
            ""--run-id"",
            ""shim-exp-pilot-run-parity-command"",
        )
>       assert proc.returncode == 0, proc.stderr
E       AssertionError:
E       assert 2 == 0
E        +  where 2 = CompletedProcess(args=['C:\\Users\\j50058254\\Desktop\\Github repo\\OpenSolar-Canonical\\.venv\\Scripts\\python.exe', ...un"",\n  ""status"": ""failed"",\n  ""work_dir"": ""artifacts/autosci/runs/shim-exp-pilot-run-parity-command""\n}\n', stderr='').returncode

tests\plugins\autosci\test_autosci_skill_shim.py:2860: AssertionError
=========================== short test summary info ===========================
FAILED tests/plugins/autosci/test_autosci_skill_shim.py::test_autosci_skill_shim_exp_pilot_run_parity_demo_auto_executes_local_command
1 failed in 2.78s
"
P22-WF-L2-039,Workflow Features,POC implementation,Testable POC Artifact Consolidation & Benchmark Handoff,2,Function implemented but test failed,FAIL,wf_exp_run,.\.venv\Scripts\python.exe -m pytest -q tests/plugins/autosci/test_autosci_skill_shim.py::test_autosci_skill_shim_exp_pilot_run_parity_demo_auto_executes_local_command,1,3.644,harness/lib/graph_node_dispatcher.py::_node_evaluation_plan and manifest publication; harness/tools/codex_pm_router.py::_node_enrichment,Generic artifact consolidation exists; no typed `poc_bundle.v1` or automatic benchmark ingestion contract was found.,"                              str(marker),
                            ]
                        )
                    ],
                }
            ),
            encoding=""utf-8"",
        )

        proc = run_shim(
            tmp_path,
            ""$exp-pilot-run"",
            ""pilot-parity-001"",
            ""--allowlist-evidence"",
            str(allowlist),
            ""--gate-mode"",
            ""parity_demo"",
            ""--run-id"",
            ""shim-exp-pilot-run-parity-command"",
        )
>       assert proc.returncode == 0, proc.stderr
E       AssertionError:
E       assert 2 == 0
E        +  where 2 = CompletedProcess(args=['C:\\Users\\j50058254\\Desktop\\Github repo\\OpenSolar-Canonical\\.venv\\Scripts\\python.exe', ...un"",\n  ""status"": ""failed"",\n  ""work_dir"": ""artifacts/autosci/runs/shim-exp-pilot-run-parity-command""\n}\n', stderr='').returncode

tests\plugins\autosci\test_autosci_skill_shim.py:2860: AssertionError
=========================== short test summary info ===========================
FAILED tests/plugins/autosci/test_autosci_skill_shim.py::test_autosci_skill_shim_exp_pilot_run_parity_demo_auto_executes_local_command
1 failed in 2.78s
"
P22-WF-L2-040,Workflow Features,Benchmarking,Benchmark Framing,1,Function implemented and test passed,PASS,wf_core_benchmark,C:\Users\j50058254\.cache\codex-runtimes\codex-primary-runtime\dependencies\node\bin\node.exe --experimental-transform-types --loader ./tests/platform/phase22/node_typescript_loader.mjs --test ./tests/workflow/benchmarking/test_core_benchmark_behavior.mjs,0,0.549,"core/benchmark/schema.ts; core/benchmark/reporter.ts::collectMetadata, createBenchmarkResult; core/benchmark/trend.ts::getBaseline, setBaseline",Core types support framing and metadata; explicit claim IDs and complete version-history governance are caller-provided.,Executable representative-core probe passed.
P22-WF-L2-041,Workflow Features,Benchmarking,Benchmark Protocol & Asset Preparation,1,Function implemented and test passed,PASS,wf_benchmark_registry,.\.venv\Scripts\python.exe -m pytest -q tests/harness/benchmark/test_benchmark_registry.py::test_register_then_get_roundtrip,0,2.148,"skills/benchmark/SKILL.md; core/benchmark/schema.ts::BenchmarkConfig, BENCHMARK_PRESETS","Minimum 10 iterations, median, IQR outlier removal, and variability guidance are documented; datasets/workload/resource isolation are not prepared by core/benchmark.",Executable representative-core probe passed.
P22-WF-L2-042,Workflow Features,Benchmarking,Benchmark Execution,2,Function implemented but test failed,FAIL,wf_benchmark_execution,.\.venv\Scripts\python.exe -m pytest -q tests/harness/benchmark/test_terminal_bench_adapter.py::test_empty_missing_prereqs_allows_dry_run_ok,1,2.421,skills/benchmark/SKILL.md; core/benchmark/reporter.ts::createBenchmarkResult,"The skill describes execution, but `core/benchmark` does not embed a generic workload runner; actual execution belongs to caller/Ops tooling.","(""harness.lib.benchmark.harbor_adapter.detect"",
                   return_value=(True, ""binary"")):
            result = TerminalBench20Adapter().run(req)
>       assert result.verdict == ""ok""
E       AssertionError: assert 'pending' == 'ok'
E
E         - ok
E         + pending

tests\harness\benchmark\test_terminal_bench_adapter.py:192: AssertionError
============================== warnings summary ===============================
tests/harness/benchmark/test_terminal_bench_adapter.py::test_empty_missing_prereqs_allows_dry_run_ok
  C:\Users\j50058254\Desktop\Github repo\OpenSolar-Canonical\harness\lib\benchmark\schemas.py:121: DeprecationWarning: datetime.datetime.utcnow() is deprecated and scheduled for removal in a future version. Use timezone-aware objects to represent datetimes in UTC: datetime.datetime.now(datetime.UTC).
    stamp = datetime.datetime.utcnow().strftime(""%Y%m%d%H%M%S"")

-- Docs: https://docs.pytest.org/en/stable/how-to/capture-warnings.html
=========================== short test summary info ===========================
FAILED tests/harness/benchmark/test_terminal_bench_adapter.py::test_empty_missing_prereqs_allows_dry_run_ok
1 failed, 1 warning in 1.32s
"
P22-WF-L2-043,Workflow Features,Benchmarking,Metrics & Run Evidence Collection,1,Function implemented and test passed,PASS,wf_core_benchmark,C:\Users\j50058254\.cache\codex-runtimes\codex-primary-runtime\dependencies\node\bin\node.exe --experimental-transform-types --loader ./tests/platform/phase22/node_typescript_loader.mjs --test ./tests/workflow/benchmarking/test_core_benchmark_behavior.mjs,0,0.549,"core/benchmark/reporter.ts::collectMetadata, createBenchmarkResult, exportJSON, exportMarkdown, exportCSV, exportRawData; core/benchmark/statistics.ts::computeStatistics","Metrics/statistics and environment metadata are strong; complete run logs, failure logs, resource usage, and provenance chain remain caller conventions.",Executable representative-core probe passed.
P22-WF-L2-044,Workflow Features,Benchmarking,Comparative Result Analysis & Benchmark Result Packaging,1,Function implemented and test passed,PASS,wf_benchmark_report,.\.venv\Scripts\python.exe -m pytest -q tests/harness/benchmark/test_benchmark_report_schema.py::test_run_json_contains_all_required_fields,0,2.11,"core/benchmark/reporter.ts::compareBenchmarks, generateReport, exportJSON, exportMarkdown, exportCSV; core/benchmark/statistics.ts; core/benchmark/trend.ts",Strong for numeric comparisons/statistics; domain interpretation and automatic mapping to product claims/acceptance criteria are outside this module.,Executable representative-core probe passed.
P22-WF-L2-045,Workflow Features,Evaluation,Evaluation Scope & Evidence Assembly,1,Function implemented and test passed,PASS,wf_evaluation,.\.venv\Scripts\python.exe -m pytest -q tests/harness/research_unit/test_evaluator.py::test_evaluate_artifacts_passes_complete_artifact_set,0,1.9,"harness/lib/research/evaluator.py::evaluate_artifacts, evaluate_final_closeout; harness/plugins/autosci adapters",Research evaluation assembly is implemented; generic benchmark-to-requirement assembly relies on external orchestration/IDs.,Executable representative-core probe passed.
P22-WF-L2-046,Workflow Features,Evaluation,Evidence Completeness & Provenance Review,1,Function implemented and test passed,PASS,wf_grounded,.\.venv\Scripts\python.exe -m pytest -q tests/harness/scenarios/test_p7_grounded_synthesis.py::test_fixed_source_packs_compile_to_a_passing_topic_general_report,0,2.241,"harness/lib/research/evaluator.py::evaluate_retrieval_closeout, evaluate_artifacts; harness/lib/research/grounded_synthesis.py",Traceability and containment checks are concrete; detecting every form of fabricated material cannot be guaranteed by structural checks alone.,Executable representative-core probe passed.
P22-WF-L2-047,Workflow Features,Evaluation,"Experimental, Reasoning & External Validity Review",1,Function implemented and test passed,PASS,wf_artifact_review,.\.venv\Scripts\python.exe -m pytest -q tests/harness/evaluators/scientific/test_artifact_review_gate.py::test_artifact_review_gate_accepts_local_surrogate_with_disclosure,0,2.323,harness/lib/research/evaluator.py; harness/schemas/evidence/artifact_review.v1.schema.json; harness/plugins/autosci artifact-review adapter/backend,Experimental evidence and reasoning structure can be reviewed; real-world generalization/external validity remains dependent on domain data and human/Review LLM judgment.,Executable representative-core probe passed.
P22-WF-L2-048,Workflow Features,Evaluation,Claim & Acceptance-Criteria Comparison,1,Function implemented and test passed,PASS,wf_claim_gate,.\.venv\Scripts\python.exe -m pytest -q tests/harness/evaluators/scientific/test_claim_verdict_gate.py::test_claim_verdict_gate_accepts_evidence_linked_verdict,0,2.082,harness/plugins/autosci/adapters/autosci_to_claim_verdict.py::convert; harness/schemas/evidence/claim_verdict.v1.schema.json; harness/schemas/evidence/experiment_result.v1.schema.json,Claim-to-experiment comparison is typed. Automatic end-to-end mapping from benchmark results to original acceptance criteria is not a clearly unified implementation.,Executable representative-core probe passed.
P22-WF-L2-049,Workflow Features,Evaluation,"Verdict, Blocker & Residual-Risk Classification",1,Function implemented and test passed,PASS,wf_evaluation,.\.venv\Scripts\python.exe -m pytest -q tests/harness/research_unit/test_evaluator.py::test_evaluate_artifacts_passes_complete_artifact_set,0,1.9,harness/lib/research/evaluator.py::evaluate_final_closeout; harness/schemas/evidence/claim_verdict.v1.schema.json; harness/schemas/evidence/artifact_review.v1.schema.json,Several verdict vocabularies exist across schemas; ‘conditionally acceptable’ and residual-risk taxonomy are not fully unified.,Executable representative-core probe passed.
P22-WF-L2-050,Workflow Features,Evaluation,Refinement & Follow-Up Recording,1,Function implemented and test passed,PASS,wf_status_next,.\.venv\Scripts\python.exe -m pytest -q tests/harness/research_survey/test_status_next.py::test_status_next_done_when_finalize_passed,0,1.934,harness/lib/research/survey/diagnose.py::diagnose_survey; harness/lib/research/survey/status_next.py::survey_status_next_action; harness/plugins/autosci experiment-status adapter,Recording and status-next guidance exist; automatic implementation is correctly excluded from this L2.,Executable representative-core probe passed.
P22-WF-L2-051,Workflow Features,Delivery,Delivery Planning & Evidence Handoff,1,Function implemented and test passed,PASS,wf_publication,.\.venv\Scripts\python.exe -m pytest -q tests/plugins/autosci/test_autosci_skill_shim.py::test_autosci_skill_shim_runs_survey_rebuttal_and_poster_native_sidecars,0,8.402,"harness/plugins/autosci/bin/autosci_bridge.py::_action_plan_report, _approval_contract, _write_phase14_publication_sidecars; harness/plugins/autosci/adapters/autosci_to_publication_bundle.py::convert",Paper/poster/rebuttal/report planning is supported; a universal audience/permission/handoff-checklist schema is not complete.,Executable representative-core probe passed.
P22-WF-L2-052,Workflow Features,Delivery,User-Facing Deliverable Generation,1,Function implemented and test passed,PASS,wf_paper_draft,.\.venv\Scripts\python.exe -m pytest -q tests/plugins/autosci/test_autosci_skill_shim.py::test_autosci_skill_shim_paper_draft_writes_latex_source,0,3.757,"harness/plugins/autosci/bin/autosci_bridge.py::_action_write_report, _action_build_poster, _action_draft_rebuttal; harness/plugins/autosci/adapters/autosci_to_scientific_report.py::convert","Concrete AutoSci outputs include paper/poster/rebuttal/report/survey. Proposal, technical roadmap, investment recommendation, and arbitrary visualization generators are not all explicit current implementations.",Executable representative-core probe passed.
P22-WF-L2-053,Workflow Features,Delivery,"Deliverable, Reusable Asset & Knowledge Packaging",1,Function implemented and test passed,PASS,wf_publication,.\.venv\Scripts\python.exe -m pytest -q tests/plugins/autosci/test_autosci_skill_shim.py::test_autosci_skill_shim_runs_survey_rebuttal_and_poster_native_sidecars,0,8.402,harness/plugins/autosci/adapters/autosci_to_publication_bundle.py::convert; harness/plugins/autosci/bin/autosci_bridge.py::_write_phase14_publication_sidecars,"Publication/research packaging is typed; general knowledge-base ingestion, reusable software packaging, and universal asset lifecycle metadata are not fully covered.",Executable representative-core probe passed.
P22-WF-L2-054,Workflow Features,Delivery,"Authorized Distribution, Knowledge Transfer & Lifecycle Closure",1,Function implemented and test passed,PASS,wf_publication,.\.venv\Scripts\python.exe -m pytest -q tests/plugins/autosci/test_autosci_skill_shim.py::test_autosci_skill_shim_runs_survey_rebuttal_and_poster_native_sidecars,0,8.402,"harness/plugins/autosci/bin/autosci_bridge.py::_approval_contract, _publication_submission_boundary, _daily_arxiv_final_provider_delivery_boundary; harness/lib/policy/action_policy.py","Specific publication and daily-arXiv delivery boundaries exist. General external distribution, recipient acceptance confirmation, universal knowledge transfer, lessons-learned storage, and lifecycle closure are partial/not unified.",Executable representative-core probe passed.
P22-FN-L2-055,Foundation Features,Capability capsule,Capability Capsule Definition & Assembly,1,Function implemented and test passed,PASS,fn_capsule_def,.\.venv\Scripts\python.exe -m pytest -q tests/harness/test_capability_capsules.py::test_validate_sample_capability_capsule_manifest_has_no_errors,0,2.174,"harness/lib/capability_capsules.py: normalize_capability_capsule(), load_capability_capsule_manifest(), validate_capability_capsule_semantics(), validate_capability_capsule()",Current code normalizes and validates manifests but does not build arbitrary dependency archives or install packaged resources.,Executable representative-core probe passed.
P22-FN-L2-056,Foundation Features,Capability capsule,"Capsule Governance, Certification & Registry Management",1,Function implemented and test passed,PASS,fn_capsule_registry,.\.venv\Scripts\python.exe -m pytest -q tests/harness/test_capability_capsules.py::test_registry_loader_and_query_skip_non_stable_by_default,0,1.927,"harness/lib/capability_capsules.py: load_capability_capsule_registry(), iter_registry_entries(), audit_stable_capsule_operator_bindings(), get_registry_entry(); harness/lib/skill_to_capsule_compiler.py","Validation, lookup, and auditing are shipped. A complete publish/suspend/deprecate transaction API and immutable audit store were not found.",Executable representative-core probe passed.
P22-FN-L2-057,Foundation Features,Capability capsule,"Capability Discovery, Scoring & Selection",1,Function implemented and test passed,PASS,fn_capsule_select,.\.venv\Scripts\python.exe -m pytest -q tests/harness/test_capability_capsules.py::test_default_capability_plan_for_logical_operator_maps_requirement_nodes,0,2.362,"harness/lib/capability_capsules.py: classify_task_goal(), query_capability_capsules(), default_capability_plan_for_logical_operator(), resolve_capability_capsule_for_task()",Compatibility/task heuristics and configured constraints are shipped; comprehensive learned quality/cost/performance ranking is partial.,Executable representative-core probe passed.
P22-FN-L2-058,Foundation Features,Capability capsule,Capsule Invocation & Composition,1,Function implemented and test passed,PASS,fn_capsule_invoke,.\.venv\Scripts\python.exe -m pytest -q tests/harness/test_capability_capsules.py::test_resolution_gate_attaches_guard_and_resource_capsules,0,2.06,"harness/lib/capability_capsules.py: _attach_referenced_capsules(), resolve_capability_capsule_for_envelope(); harness/lib/apo_plan_compiler.py: build_capsule_plan_ir(); harness/tools/skill_dispatch_operator.py: execute path and artifact writers",Resolution and referenced-capsule composition are shipped; no universal in-process executor supports every composition form described in the design document.,Executable representative-core probe passed.
P22-FN-L2-059,Foundation Features,Capability capsule,Capability Capsule Evolution & Version Promotion,2,Function implemented but test failed,FAIL,fn_gepa_promote,.\.venv\Scripts\python.exe -m pytest -q tests/harness/integrations/gepa_optimizer/test_promote.py::test_promote_writes_target_and_backup,1,2.218,"harness/lib/evolution_engine.py: scorecard(), promote(), demote_degraded(), run_loop(); harness/tools/skill_evolution_runner.py: run_once()",Generic scorecard/promotion controls and skill evolution exist; end-to-end capsule migration/version rollback as one transaction was not found.,"ine) as f:
         ^^^^^^^^^^^^^^^^^^^^^^^^^^^^^^^^^^^^^^^^^^^^^^^^^^^^^^^^^^^^^^^^^^^^^^
_ _ _ _ _ _ _ _ _ _ _ _ _ _ _ _ _ _ _ _ _ _ _ _ _ _ _ _ _ _ _ _ _ _ _ _ _ _ _ _

self = WindowsPath('/tmp/gepa_test_promote_17368_1784858550.txt'), mode = 'w'
buffering = -1, encoding = 'utf-8', errors = None, newline = None

    def open(self, mode='r', buffering=-1, encoding=None,
             errors=None, newline=None):
        """"""
        Open the file pointed to by this path and return a file object, as
        the built-in open() function does.
        """"""
        if ""b"" not in mode:
            encoding = io.text_encoding(encoding)
>       return io.open(self, mode, buffering, encoding, errors, newline)
               ^^^^^^^^^^^^^^^^^^^^^^^^^^^^^^^^^^^^^^^^^^^^^^^^^^^^^^^^^
E       FileNotFoundError: [Errno 2] No such file or directory: '\\tmp\\gepa_test_promote_17368_1784858550.txt'

tmp\test-deps\python\cpython-3.14.2-windows-x86_64-none\Lib\pathlib\__init__.py:771: FileNotFoundError
=========================== short test summary info ===========================
FAILED tests/harness/integrations/gepa_optimizer/test_promote.py::test_promote_writes_target_and_backup
1 failed in 1.23s
"
P22-FN-L2-060,Foundation Features,Operators,"Logical Operator Definition, Assembly & Registration",2,Function implemented but test failed,FAIL,fn_logical_schema,.\.venv\Scripts\python.exe -m pytest -q tests/harness/test_logical_operator_schema.py,1,42.454,"harness/lib/logical_operator_registry.py: load_logical_operator_registry(), logical_operator_def(), logical_operator_binding(); harness/config/logical-operators.json",Registry loading and schema validation are shipped; no dynamic service-level registration API was found.,"                                                                                                                                                                                       'minimum': 0,
E                                                                                                                                                                                                                                                    'maximum': 5}}}
E
E           On instance['logical_operators']['ScientificWorkflowEvolver']['required_capabilities']:
E               {'scientific_evidence': 3, 'artifact_curation': 2}

.venv\Lib\site-packages\jsonschema\validators.py:1332: ValidationError
=========================== short test summary info ===========================
FAILED tests/harness/test_logical_operator_schema.py::TestLogicalOperatorFixture::test_each_operator_has_primary_role
FAILED tests/harness/test_logical_operator_schema.py::TestBindingFixture::test_all_binding_candidates_exist_in_actor_registry
FAILED tests/harness/test_logical_operator_schema.py::TestLogicalOperatorFixtureSchemaValidation::test_fixture_validates_against_schema
3 failed, 99 passed in 41.44s
"
P22-FN-L2-061,Foundation Features,Operators,"Operator Qualification, Admission & Governance",1,Function implemented and test passed,PASS,fn_verification_gate,.\.venv\Scripts\python.exe -m pytest -q tests/harness/runtime/test_verification_gate.py::test_reject_code_task_without_test,0,1.971,"harness/lib/physical_operator_catalog.py: static_operator_rejection_reasons(), is_operator_statically_selectable(); harness/lib/plan_validator.py; harness/lib/verification_gate.py",Static selectability and plan/runtime gates exist; a complete operator certification lifecycle service is not found.,Executable representative-core probe passed.
P22-FN-L2-062,Foundation Features,Operators,"Logical-to-Physical Matching, Selection & Binding",2,Function implemented but test failed,FAIL,fn_operator_select,.\.venv\Scripts\python.exe -m pytest -q tests/harness/test_physical_operator_logical_selector.py::test_task_type_matching,4,1.626,"harness/lib/apo_plan_compiler.py: enumerate_physical_candidates(), build_physical_plan_for_capsule_node(); harness/lib/graph_scheduler.py: assign_workers(); harness/lib/logical_operator_router.py",Local configured candidates and deterministic ranking are shipped; global optimal scheduling across every provider is not claimed.,"ERROR: found no collectors for C:\Users\j50058254\Desktop\Github repo\OpenSolar-Canonical\tests\harness\test_physical_operator_logical_selector.py::test_task_type_matching

"
P22-FN-L2-063,Foundation Features,Operators,Physical Operator & Execution Fleet Management,2,Function implemented but test failed,FAIL,fn_operator_runtime,.\.venv\Scripts\python.exe -m pytest -q tests/harness/runtime/test_operator_runtime.py::test_operator_lease_lifecycle,4,1.685,"harness/lib/physical_operator_catalog.py; harness/lib/operator_runtime.py: load_registry(), acquire_operator_lease(), submit(), write_heartbeat(), write_result(); harness/lib/actor_runtime.py: ActorRuntime","Catalog/runtime support is shipped for configured surfaces; actual browser, CLI, remote, and subscription fleets remain environment-dependent.","ERROR: found no collectors for C:\Users\j50058254\Desktop\Github repo\OpenSolar-Canonical\tests\harness\runtime\test_operator_runtime.py::test_operator_lease_lifecycle

"
P22-FN-L2-064,Foundation Features,Operators,Operator Runtime Evaluation & Capability Profiling,1,Function implemented and test passed,PASS,fn_operator_score,.\.venv\Scripts\python.exe -m pytest -q tests/harness/runtime/test_operator_score.py::test_rank_actors,0,1.809,harness/lib/operator_score.py; harness/lib/model_call_runtime.py: record_model_event(); harness/lib/evolution_engine.py: scorecard(); harness/lib/operator_runtime.py runtime records,Runtime events and operator scoring exist; a single complete statistical profiling service with calibrated confidence is partial.,Executable representative-core probe passed.
P22-FN-L2-065,Foundation Features,Operators,Evaluator-Driven Operator Evolution,2,Function implemented but test failed,FAIL,fn_gepa_promote,.\.venv\Scripts\python.exe -m pytest -q tests/harness/integrations/gepa_optimizer/test_promote.py::test_promote_writes_target_and_backup,1,2.218,"harness/lib/evolution_engine.py: recommend(), run_loop(), promote(), demote_degraded(); core/nerve/evolution-engine.ts: EvolutionEngine",Generic evolution and scorecards exist; a dedicated end-to-end operator-definition evolution subsystem is partial.,"ine) as f:
         ^^^^^^^^^^^^^^^^^^^^^^^^^^^^^^^^^^^^^^^^^^^^^^^^^^^^^^^^^^^^^^^^^^^^^^
_ _ _ _ _ _ _ _ _ _ _ _ _ _ _ _ _ _ _ _ _ _ _ _ _ _ _ _ _ _ _ _ _ _ _ _ _ _ _ _

self = WindowsPath('/tmp/gepa_test_promote_17368_1784858550.txt'), mode = 'w'
buffering = -1, encoding = 'utf-8', errors = None, newline = None

    def open(self, mode='r', buffering=-1, encoding=None,
             errors=None, newline=None):
        """"""
        Open the file pointed to by this path and return a file object, as
        the built-in open() function does.
        """"""
        if ""b"" not in mode:
            encoding = io.text_encoding(encoding)
>       return io.open(self, mode, buffering, encoding, errors, newline)
               ^^^^^^^^^^^^^^^^^^^^^^^^^^^^^^^^^^^^^^^^^^^^^^^^^^^^^^^^^
E       FileNotFoundError: [Errno 2] No such file or directory: '\\tmp\\gepa_test_promote_17368_1784858550.txt'

tmp\test-deps\python\cpython-3.14.2-windows-x86_64-none\Lib\pathlib\__init__.py:771: FileNotFoundError
=========================== short test summary info ===========================
FAILED tests/harness/integrations/gepa_optimizer/test_promote.py::test_promote_writes_target_and_backup
1 failed in 1.23s
"
P22-FN-L2-066,Foundation Features,Evaluator,"Contract, Schema & Artifact Conformance Evaluator",1,Function implemented and test passed,PASS,fn_workflow_schema,.\.venv\Scripts\python.exe -m pytest -q tests/harness/workflow_contract/test_contract_schema.py::test_all_shipped_contracts_schema_valid,0,2.003,harness/lib/contract_gate_executor.py: execute_gate(); harness/lib/verification_gate.py: VerificationGate; harness/lib/workflow_contract.py: compile_checks(),Deterministic contract/evidence checks are shipped; they do not establish domain truth beyond their encoded rules.,Executable representative-core probe passed.
P22-FN-L2-067,Foundation Features,Evaluator,Engineering Correctness & Code Quality Evaluator,1,Function implemented and test passed,PASS,fn_verification_gate,.\.venv\Scripts\python.exe -m pytest -q tests/harness/runtime/test_verification_gate.py::test_reject_code_task_without_test,0,1.971,harness/lib/eval_runner.py: run_pack(); harness/lib/contract_gate_executor.py: execute_gate(); tests/ and tests/harness/ suites,Eval-pack and gate execution are generic; maintainability scoring and every scanner named in the L2 are not uniformly implemented.,Executable representative-core probe passed.
P22-FN-L2-068,Foundation Features,Evaluator,"Performance, Cost & Benchmark Evaluator",1,Function implemented and test passed,PASS,fn_benchmark_report,.\.venv\Scripts\python.exe -m pytest -q tests/harness/benchmark/test_benchmark_report_schema.py::test_run_json_contains_all_required_fields,0,1.988,"harness/lib/benchmark/runner.py: _cmd_plan(), _cmd_run(), _cmd_report(); harness/lib/benchmark/reports.py: write_run_artifacts()",Terminal-bench/Harbor-style adapters and generic reports are shipped; universal scalability/load testing is task-specific.,Executable representative-core probe passed.
P22-FN-L2-069,Foundation Features,Evaluator,"Security, Privacy, Compliance & IP Evaluator",1,Function implemented and test passed,PASS,fn_repo_hygiene,"""C:\Program Files\Git\bin\bash.exe"" -lc ""chmod +x \""$(pwd)/tests/platform/phase22/bin/python3\""; PATH=\""$(pwd)/tests/platform/phase22/bin:$PATH\"" ./tests/test_repo_hygiene.sh""",0,12.746,core/security/checks/*.sh; core/config/privacy.ts; harness/lib/verification_gate.py; tests/test_release_public_tree.sh and tests/qa_audit/.../test_misc_side_effect_gate_contracts.py,"Secret/privacy/permission checks exist, but a unified regulatory/compliance/copyright/IP evaluator covering every jurisdiction was not found.",Executable representative-core probe passed.
P22-FN-L2-070,Foundation Features,Evaluator,"Evidence, Factuality & Scientific Validity Evaluator",1,Function implemented and test passed,PASS,fn_evaluator,.\.venv\Scripts\python.exe -m pytest -q tests/harness/research_unit/test_evaluator.py::test_evaluate_artifacts_passes_complete_artifact_set,0,2.127,harness/lib/research/evaluator.py; harness/lib/research/evidence/ledger.py; harness/tools/review_model_runtime_proof.py; harness/schemas/evidence/*.schema.json,Schema/citation/evidence validity is shipped; broad external-knowledge plausibility requires supplied sources or optional provider review.,Executable representative-core probe passed.
P22-FN-L2-071,Foundation Features,Evaluator,"Lifecycle, Parity & Human Review Evaluator",1,Function implemented and test passed,PASS,fn_human_review,.\.venv\Scripts\python.exe -m pytest -q tests/harness/workflow_contract/test_instantiate.py::test_on_human_review_policy_carried_per_node,0,2.145,"harness/lib/graph_scheduler.py: enter_node_human_review(), validate_human_review_resume(), commit_human_review_resume(), _sprint_status_terminal(); tools/semantic_parity_runtime_proof.py",Lifecycle and human-review controls are shipped; parity evaluators are specialized proof tools rather than one universal semantic comparator.,Executable representative-core probe passed.
P22-FN-L2-072,Foundation Features,Foundational models,Model Capability Registry,1,Function implemented and test passed,PASS,fn_model_registry,.\.venv\Scripts\python.exe -m pytest -q tests/harness/test_model_registry_codex_aliases.py::test_codex_aliases_expose_provider_and_model_key,0,1.936,"harness/lib/model_registry.py: load_registry(), normalize(), spec(), validate_matrix(); harness/config/model-registry.json","Current registry records identity/provider/allowlists, not all claimed modalities, context sizes, tool-use and verified quality capabilities.",Executable representative-core probe passed.
P22-FN-L2-073,Foundation Features,Foundational models,Model Routing & Selection,1,Function implemented and test passed,PASS,fn_model_routing,.\.venv\Scripts\python.exe -m pytest -q tests/harness/graph/test_graph_scheduler_model_matching.py::test_sonnet_preferred_matches_anthropic_sonnet_alias_before_glm,0,2.112,"harness/lib/operator_model_selection.py: apply_model_selections(); harness/lib/graph_scheduler.py: _model_match(), assign_workers(); harness/config/model-scenario-routing.json",Scenario routing and worker model matching are shipped; comprehensive learned quality/cost optimization is partial.,Executable representative-core probe passed.
P22-FN-L2-074,Foundation Features,Foundational models,Model Usage Auditing,2,Function implemented but test failed,FAIL,fn_model_audit,.\.venv\Scripts\python.exe -m pytest -q tests/harness/runtime/test_model_call_runtime.py,2,1.929,"harness/lib/model_call_runtime.py: pane_runtime_metadata(), record_model_event(), main(); tests/harness/runtime/test_model_call_runtime.py","Call/provider/model/status capture is shipped; consistent user identity, exact cost, quota consumption, and policy-decision accounting are partial.","======================== ERRORS ====================================
______ ERROR collecting tests/harness/runtime/test_model_call_runtime.py ______
ImportError while importing test module 'C:\Users\j50058254\Desktop\Github repo\OpenSolar-Canonical\tests\harness\runtime\test_model_call_runtime.py'.
Hint: make sure your test modules/packages have valid Python names.
Traceback:
tmp\test-deps\python\cpython-3.14.2-windows-x86_64-none\Lib\importlib\__init__.py:88: in import_module
    return _bootstrap._gcd_import(name[level:], package, level)
           ^^^^^^^^^^^^^^^^^^^^^^^^^^^^^^^^^^^^^^^^^^^^^^^^^^^^
tests\harness\runtime\test_model_call_runtime.py:11: in <module>
    import model_call_runtime  # noqa: E402
    ^^^^^^^^^^^^^^^^^^^^^^^^^
harness\lib\model_call_runtime.py:26: in <module>
    from session_log import DuplicateEventError, SessionLog
harness\lib\session_log.py:21: in <module>
    import fcntl
E   ModuleNotFoundError: No module named 'fcntl'
=========================== short test summary info ===========================
ERROR tests/harness/runtime/test_model_call_runtime.py
!!!!!!!!!!!!!!!!!!! Interrupted: 1 error during collection !!!!!!!!!!!!!!!!!!!!
1 error in 0.89s
"
P22-FN-L2-075,Foundation Features,RSI,Text-Based Artifacts (GEPA / MIPROv2 / TextGrad),2,Function implemented but test failed,FAIL,fn_gepa_promote,.\.venv\Scripts\python.exe -m pytest -q tests/harness/integrations/gepa_optimizer/test_promote.py::test_promote_writes_target_and_backup,1,2.218,"harness/integrations/gepa_optimizer/adapter.py, evaluator.py, hard_policy_checker.py, promote.py, cli.py; MIPROv2/TextGrad: Not found in current codebase",GEPA integration is shipped. MIPROv2 and TextGrad implementations were not found in current codebase.,"ine) as f:
         ^^^^^^^^^^^^^^^^^^^^^^^^^^^^^^^^^^^^^^^^^^^^^^^^^^^^^^^^^^^^^^^^^^^^^^
_ _ _ _ _ _ _ _ _ _ _ _ _ _ _ _ _ _ _ _ _ _ _ _ _ _ _ _ _ _ _ _ _ _ _ _ _ _ _ _

self = WindowsPath('/tmp/gepa_test_promote_17368_1784858550.txt'), mode = 'w'
buffering = -1, encoding = 'utf-8', errors = None, newline = None

    def open(self, mode='r', buffering=-1, encoding=None,
             errors=None, newline=None):
        """"""
        Open the file pointed to by this path and return a file object, as
        the built-in open() function does.
        """"""
        if ""b"" not in mode:
            encoding = io.text_encoding(encoding)
>       return io.open(self, mode, buffering, encoding, errors, newline)
               ^^^^^^^^^^^^^^^^^^^^^^^^^^^^^^^^^^^^^^^^^^^^^^^^^^^^^^^^^
E       FileNotFoundError: [Errno 2] No such file or directory: '\\tmp\\gepa_test_promote_17368_1784858550.txt'

tmp\test-deps\python\cpython-3.14.2-windows-x86_64-none\Lib\pathlib\__init__.py:771: FileNotFoundError
=========================== short test summary info ===========================
FAILED tests/harness/integrations/gepa_optimizer/test_promote.py::test_promote_writes_target_and_backup
1 failed in 1.23s
"
P22-FN-L2-076,Foundation Features,RSI,Runtime and Resource Routing (Bayesian Optimization / Bandits / Cost-Aware RL),1,Function implemented and test passed,PASS,fn_operator_score,.\.venv\Scripts\python.exe -m pytest -q tests/harness/runtime/test_operator_score.py::test_rank_actors,0,1.809,harness/lib/evolution_engine.py; harness/lib/graph_scheduler.py resource/model matching; named Bayesian/bandit/RL optimizer: Not found in current codebase,"Deterministic resource selection and generic evolution exist; Bayesian optimization, bandit, and cost-aware RL implementations were not found.",Executable representative-core probe passed.
P22-FN-L2-077,Foundation Features,RSI,Capability Capsules and Physical Operators (Trajectory Mining / Code Evolution / CEGIS),2,Function implemented but test failed,FAIL,fn_gepa_promote,.\.venv\Scripts\python.exe -m pytest -q tests/harness/integrations/gepa_optimizer/test_promote.py::test_promote_writes_target_and_backup,1,2.218,harness/lib/evolution_engine.py; harness/tools/skill_evolution_runner.py; tests/harness/test_capability_capsules.py; general trajectory-mining/CEGIS synthesis: Not found as a unified implementation,Generic capability/skill evolution and capsule compatibility tests exist; a complete trajectory-mining/CEGIS loop is partial.,"ine) as f:
         ^^^^^^^^^^^^^^^^^^^^^^^^^^^^^^^^^^^^^^^^^^^^^^^^^^^^^^^^^^^^^^^^^^^^^^
_ _ _ _ _ _ _ _ _ _ _ _ _ _ _ _ _ _ _ _ _ _ _ _ _ _ _ _ _ _ _ _ _ _ _ _ _ _ _ _

self = WindowsPath('/tmp/gepa_test_promote_17368_1784858550.txt'), mode = 'w'
buffering = -1, encoding = 'utf-8', errors = None, newline = None

    def open(self, mode='r', buffering=-1, encoding=None,
             errors=None, newline=None):
        """"""
        Open the file pointed to by this path and return a file object, as
        the built-in open() function does.
        """"""
        if ""b"" not in mode:
            encoding = io.text_encoding(encoding)
>       return io.open(self, mode, buffering, encoding, errors, newline)
               ^^^^^^^^^^^^^^^^^^^^^^^^^^^^^^^^^^^^^^^^^^^^^^^^^^^^^^^^^
E       FileNotFoundError: [Errno 2] No such file or directory: '\\tmp\\gepa_test_promote_17368_1784858550.txt'

tmp\test-deps\python\cpython-3.14.2-windows-x86_64-none\Lib\pathlib\__init__.py:771: FileNotFoundError
=========================== short test summary info ===========================
FAILED tests/harness/integrations/gepa_optimizer/test_promote.py::test_promote_writes_target_and_backup
1 failed in 1.23s
"
P22-FN-L2-078,Foundation Features,RSI,DAG and Agent Organization (AFlow / MCTS / ADAS),1,Function implemented and test passed,PASS,fn_graph_scheduler,.\.venv\Scripts\python.exe -m pytest -q tests/harness/graph/test_graph_scheduler_external_deps.py::test_external_depends_on_allows_ready_after_upstream_passed,0,2.168,"harness/lib/graph_scheduler.py: validate_graph(), make_batches(); harness/lib/graph_scheduler_research.py; AFlow/MCTS/ADAS optimizer: Not found in current codebase","Graph compilation/validation and research fan-out exist; AFlow, MCTS, and ADAS optimization algorithms were not found.",Executable representative-core probe passed.
P22-FN-L2-079,Foundation Features,RSI,"Evaluator, Reward, Contract, and Governance (Judge Calibration / Reward Modeling / CEGIS)",1,Function implemented and test passed,PASS,fn_verification_gate,.\.venv\Scripts\python.exe -m pytest -q tests/harness/runtime/test_verification_gate.py::test_reject_code_task_without_test,0,1.971,harness/lib/eval_runner.py; harness/lib/verification_gate.py; harness/lib/evolution_engine.py; dedicated reward-model/judge-calibration trainer: Not found in current codebase,"Eval packs, verification gates, and generic evolution exist; dedicated judge-calibration/reward-model training and CEGIS policy synthesis are not unified.",Executable representative-core probe passed.
P22-FN-L2-080,Foundation Features,RSI,"Memory, Retrieval, and Evidence (Memory Learning / Self-RAG / Reranker Training)",1,Function implemented and test passed,PASS,fn_context_store,.\.venv\Scripts\python.exe -m pytest -q tests/harness/test_context_store_runtime.py::test_save_and_load,0,1.799,core/smi/indexer.ts and query.ts; core/memory/auto-semantic.ts; harness/lib/evidence_ledger.py; Self-RAG/reranker training: Not found in current codebase,Memory/index/evidence systems exist; Self-RAG and reranker training implementations were not found as shipped training pipelines.,Executable representative-core probe passed.
P22-FN-L2-081,Foundation Features,RSI,Model Policies and Weights (SFT / LoRA / DPO / GRPO / Agent RL),3,Function not implemented and test blocked,BLOCKED,,,,0.0,Not found in current codebase. Related model routing only: harness/config/model-registry.json and harness/lib/model_registry.py,"Not found in current codebase: no general SFT, LoRA, DPO, GRPO, or agent-RL training pipeline is shipped.",No direct core implementation was found; adjacent or partial surfaces do not satisfy this L2 contract.
P22-FN-L2-082,Foundation Features,RSI,"Data, Benchmarks, Curriculum, and Observability (Active Learning / Hard-Case Mining / Credit Assignment)",1,Function implemented and test passed,PASS,fn_benchmark_report,.\.venv\Scripts\python.exe -m pytest -q tests/harness/benchmark/test_benchmark_report_schema.py::test_run_json_contains_all_required_fields,0,1.988,harness/lib/benchmark/runner.py and reports.py; harness/lib/model_call_runtime.py; harness/lib/evolution_engine.py; unified active-learning engine: Not found in current codebase,Benchmark and telemetry infrastructure is shipped; a unified active-learning/hard-case-mining/credit-assignment engine is not.,Executable representative-core probe passed.
P22-FN-L2-083,Foundation Features,Data foundations,Persistent Memory & Context Retrieval,1,Function implemented and test passed,PASS,fn_context_store,.\.venv\Scripts\python.exe -m pytest -q tests/harness/test_context_store_runtime.py::test_save_and_load,0,1.799,"core/memory/auto-semantic.ts: processMessage(), extractKnowledge(), saveToSemanticMemory(); core/smi/indexer.ts and query.ts; harness/lib/experience/memory_functions.py",Local semantic/index/memory support exists; compression/expiration behavior varies by subsystem and external memory services are optional.,Executable representative-core probe passed.
P22-FN-L2-084,Foundation Features,Data foundations,Concept Graph Management,2,Function implemented but test failed,FAIL,fn_bun_data,,127,0.0,core/ontology/manager.ts: OntologyManager; core/ontology/schema-v2.sql; core/ontology/types.ts,"OntologyManager is concrete, but 'business concepts' are not a separately enforced domain vocabulary.",Required runner is unavailable for bun: tests/foundation/data_foundations/test_bun_data_foundation_behavior.test.ts
P22-FN-L2-085,Foundation Features,Data foundations,Dataset Graph Management,3,Function not implemented and test blocked,BLOCKED,,,,0.0,Not found in current codebase. Adjacent generic surfaces: core/ontology/manager.ts and core/smi/indexer.ts,Not found in current codebase as a dedicated Dataset Graph service. Generic ontology/file/evidence stores are insufficient proof of the full feature.,No direct core implementation was found; adjacent or partial surfaces do not satisfy this L2 contract.
P22-FN-L2-086,Foundation Features,Data foundations,Code Graph Management,2,Function implemented but test failed,FAIL,fn_bun_data,,127,0.0,"core/smi/indexer.ts: FileIndexer; core/smi/query.ts: SMIQuery, quickSearch(); full code graph: Not found in current codebase",File indexing/search is shipped. A full semantic code graph of modules/APIs/functions/tests/runtime relationships was not found.,Required runner is unavailable for bun: tests/foundation/data_foundations/test_bun_data_foundation_behavior.test.ts
P22-FN-L2-087,Foundation Features,Data foundations,Policy Graph Management,3,Function not implemented and test blocked,BLOCKED,,,,0.0,"Not found in current codebase. Adjacent surfaces: harness/config/concurrency-policy.json, harness/lib/verification_gate.py, core/security/checks/*.sh",Not found in current codebase as a dedicated Policy Graph. Policy data exists across configs/schemas and gates.,No direct core implementation was found; adjacent or partial surfaces do not satisfy this L2 contract.
P22-FN-L2-088,Foundation Features,Data foundations,Workflow Graph Management,1,Function implemented and test passed,PASS,fn_workflow_instantiate,.\.venv\Scripts\python.exe -m pytest -q tests/harness/workflow_contract/test_instantiate.py::test_instantiation_byte_identical_twice,0,2.018,"harness/lib/workflow_contract.py: load_contract(), validate_contract_schema(), instantiate(), compile_checks(); harness/config/workflows/*.workflow.json",Workflow contracts and task graphs are shipped; a general cross-domain SOP knowledge graph/query service is partial.,Executable representative-core probe passed.
P22-FN-L2-089,Foundation Features,Data foundations,Trace Graph Management,1,Function implemented and test passed,PASS,fn_evidence_ledger,.\.venv\Scripts\python.exe -m pytest -q tests/harness/test_evidence_ledger.py::test_write_run_entry,0,1.952,"harness/lib/evidence_ledger.py: EvidenceLedger, build_scheduler_decision(); harness/lib/node_runstate.py: record(); harness/lib/task_graph_state_io.py: record_event()",Scheduler/evidence events are concrete; complete capture of every external tool call depends on adapters/hooks.,Executable representative-core probe passed.
P22-FN-L2-090,Foundation Features,Data foundations,Memory Graph Management,2,Function implemented but test failed,FAIL,fn_bun_data,,127,0.0,core/ontology/schema-v2.sql: ont_memory_timeline; core/ontology/manager.ts: OntologyManager; core/memory/auto-semantic.ts,Ontology memory timeline and generic memory exist; one unified Memory Graph API covering all listed object types is partial.,Required runner is unavailable for bun: tests/foundation/data_foundations/test_bun_data_foundation_behavior.test.ts
P22-FN-L2-091,Foundation Features,Data foundations,TaskGraph Persistence & Lifecycle Management,1,Function implemented and test passed,PASS,fn_taskgraph_io,.\.venv\Scripts\python.exe -m pytest -q tests/harness/graph/test_task_graph_io.py::test_save_and_load_spec,0,1.914,"harness/lib/task_graph_io.py: save_spec(), save_state(), patch_state(), set_node_result_in_state(), save_closure(), closure_complete(); harness/lib/task_graph_state_io.py",File-backed TaskGraph lifecycle is shipped; multi-writer distributed transactions are not implied.,Executable representative-core probe passed.
P22-FN-L2-092,Foundation Features,Harness Core,Runtime Control Loop & Run Lifecycle Management,1,Function implemented and test passed,PASS,fn_task_lifecycle,.\.venv\Scripts\python.exe -m pytest -q tests/harness/runtime/test_task_lifecycle.py::test_exact_durable_result_converges_submitted_status,0,2.054,harness/lib/graph_scheduler.py runtime-plane/status/terminal functions; harness/lib/task_graph_state_io.py; harness/lib/task_lifecycle.py,Core run lifecycle is file/SQLite-backed; actual execution loop spans coordinator scripts and Python modules.,Executable representative-core probe passed.
P22-FN-L2-093,Foundation Features,Harness Core,Message Bus & Durable Task Queue,1,Function implemented and test passed,PASS,fn_agent_bus,C:\Users\j50058254\.cache\codex-runtimes\codex-primary-runtime\dependencies\node\bin\node.exe --experimental-transform-types --loader ./tests/platform/phase22/node_typescript_loader.mjs --test ./tests/foundation/harness_core/test_agent_bus_behavior.mjs,0,0.542,"harness/lib/task_queue.py: enqueue(), pop(), peek(), depth(), next_free_worker(); core/agent/bus.ts for in-process agent bus",Durable task queue is shipped; a general distributed message broker with delivery acknowledgements is not.,Executable representative-core probe passed.
P22-FN-L2-094,Foundation Features,Harness Core,"DAG Scheduler, TaskGraph Readiness & Operator Binding",1,Function implemented and test passed,PASS,fn_graph_scheduler,.\.venv\Scripts\python.exe -m pytest -q tests/harness/graph/test_graph_scheduler_external_deps.py::test_external_depends_on_allows_ready_after_upstream_passed,0,2.168,"harness/lib/graph_scheduler.py: validate_graph(), topo_layers(), ready_nodes(), make_batches(), assign_workers(), assign_ready()",Local deterministic scheduler is shipped; cross-cluster optimization remains adapter/config dependent.,Executable representative-core probe passed.
P22-FN-L2-095,Foundation Features,Harness Core,"Execution Admission, Lease & Concurrency Control",2,Function implemented but test failed,FAIL,fn_actor_lease,.\.venv\Scripts\python.exe -m pytest -q tests/harness/runtime/test_actor_lease.py::test_acquire_and_read,4,1.729,"harness/lib/operator_runtime.py: acquire_operator_lease(), release_operator_lease(); harness/lib/actor_lease.py: LeaseBroker; harness/config/concurrency-policy.json",Operator/actor leases and scheduler limits are shipped; distributed consensus across independent machines is not.,"ERROR: found no collectors for C:\Users\j50058254\Desktop\Github repo\OpenSolar-Canonical\tests\harness\runtime\test_actor_lease.py::test_acquire_and_read

"
P22-FN-L2-096,Foundation Features,Harness Core,Main Loop Dispatch & Runtime Supervision,2,Function implemented but test failed,FAIL,fn_actor_runtime,.\.venv\Scripts\python.exe -m pytest -q tests/harness/runtime/test_actor_runtime.py::test_submit_returns_lease_and_paths,4,1.741,"harness/lib/operator_runtime.py: submit(), write_heartbeat(), write_result(); harness/lib/actor_runtime.py: ActorRuntime; harness/lib/worker_runtime.py: WorkerRuntime",Shipped runtime is adapter-driven and primarily Claude/tmux oriented; behavior differs by physical operator and host.,"ERROR: found no collectors for C:\Users\j50058254\Desktop\Github repo\OpenSolar-Canonical\tests\harness\runtime\test_actor_runtime.py::test_submit_returns_lease_and_paths

"
P22-FN-L2-097,Foundation Features,Harness Core,Failure Recovery & Resumability,1,Function implemented and test passed,PASS,fn_task_lifecycle,.\.venv\Scripts\python.exe -m pytest -q tests/harness/runtime/test_task_lifecycle.py::test_exact_durable_result_converges_submitted_status,0,2.054,"harness/lib/task_lifecycle.py: activate_execution_attempt(), converge_execution_attempt_result(), converge_status_file(); harness/lib/task_graph_io.py backfill/load; harness/lib/operator_runtime.py stale lease handling",Attempt/state/lease recovery is shipped; arbitrary business-side-effect compensation must be supplied by the operator/workflow.,Executable representative-core probe passed.
P22-FN-L2-098,Foundation Features,Intention compilers,Intent Classification & Compilation Variant Selection,1,Function implemented and test passed,PASS,fn_intent_classify,.\.venv\Scripts\python.exe -m pytest -q tests/harness/test_intent_gateway.py::test_general_user_research_requests_get_research_lane_and_roles,0,4.583,"harness/lib/intent_gateway.py: infer_mode(); harness/lib/intent_engine_adapter.py: match_static(), match_configured(), match_learned(), match()",Deterministic heuristics/rules are shipped; classification quality is language/marker dependent.,Executable representative-core probe passed.
P22-FN-L2-099,Foundation Features,Intention compilers,"Goal, Scope and Context normalization",1,Function implemented and test passed,PASS,wf_intent_capture,.\.venv\Scripts\python.exe -m pytest -q tests/harness/test_intent_gateway.py::test_capture_writes_raw_rewritten_ir_and_trace,0,2.216,"harness/lib/intent_gateway.py: deterministic_rewrite(), model_rewrite(), build_requirement_ir(), capture()",Deterministic rewrite and IR build are shipped; automatic minimum-context selection across all history is partial.,Executable representative-core probe passed.
P22-FN-L2-100,Foundation Features,Intention compilers,Ambiguity Resolution & Readiness,1,Function implemented and test passed,PASS,wf_pm_build,.\.venv\Scripts\python.exe -m pytest -q tests/harness/test_codex_pm_router.py::test_build_pm_intake_emits_capsule_plan_for_standard_request,0,3.56,Partial: harness/lib/intent_gateway.py deterministic_rewrite()/build_requirement_ir(); dedicated minimum-question generator: Not found in current codebase,Not found as a dedicated clarification generator/readiness engine. Current intent rewrite exposes structured fields but behavior is partial.,Executable representative-core probe passed.
P22-FN-L2-101,Foundation Features,Intention compilers,Constraint Compilation,1,Function implemented and test passed,PASS,fn_plan_validator,.\.venv\Scripts\python.exe -m pytest -q tests/harness/workflow_contract/test_plan_validator.py::test_valid_dag_has_no_graph_structure_errors,0,2.222,"harness/lib/workflow_contract.py: bind_scope_roots(), compile_checks(); harness/lib/plan_validator.py; harness/schemas/request-envelope.schema.json","Scope, proof, policy, gate and timeout constraints are shipped across schemas/compiler; a single comprehensive constraint compiler is partial.",Executable representative-core probe passed.
P22-FN-L2-102,Foundation Features,Intention compilers,Task Contract & Acceptance Compilation,1,Function implemented and test passed,PASS,fn_intake_contract,.\.venv\Scripts\python.exe -m pytest -q tests/harness/test_autosci_intake_contract.py::test_autosci_contract_task_graph_selects_autosci_physical_workers,0,6.549,"harness/lib/intent_gateway.py: build_requirement_ir(), capture(), bind_intent_artifacts(); harness/lib/autosci_intake_contract.py: build_autosci_product_brief()",Requirement IR and workflow contracts are shipped; terminology 'task contract' spans several artifact schemas.,Executable representative-core probe passed.
P22-FN-L2-103,Foundation Features,Planner,Task Contract Decomposition,2,Function implemented but test failed,FAIL,fn_compiled_planner,.\.venv\Scripts\python.exe -m pytest -q tests/harness/test_compiled_sprint_planner.py::test_generate_planner_artifacts_for_compiled_sprint,1,2.127,"harness/lib/compiled_sprint_planner.py: build_design_markdown(), build_plan_markdown(), generate_planner_artifacts(); harness/lib/autosci_intake_contract.py: build_autosci_task_graph()",Generic and AutoSci planner artifact generation is shipped; decomposition quality remains template/domain dependent.,"           ^^^^^^^^^^^^^^^^^^^^^^^^^^^^^^^^^^^^^^^^^^^^^^^^^^^^^^^^^^^^^^^^^^^^

tests\harness\test_compiled_sprint_planner.py:86:
_ _ _ _ _ _ _ _ _ _ _ _ _ _ _ _ _ _ _ _ _ _ _ _ _ _ _ _ _ _ _ _ _ _ _ _ _ _ _ _
harness\lib\compiled_sprint_planner.py:229: in generate_planner_artifacts
    from runtime_status import transition_status  # noqa: WPS433
    ^^^^^^^^^^^^^^^^^^^^^^^^^^^^^^^^^^^^^^^^^^^^
_ _ _ _ _ _ _ _ _ _ _ _ _ _ _ _ _ _ _ _ _ _ _ _ _ _ _ _ _ _ _ _ _ _ _ _ _ _ _ _

    """"""Solar Harness — runtime-backed status transitions.

    This is the P1 adoption layer for coordinator state changes. It keeps the
    legacy `sprints/<sid>.status.json` cache for compatibility, but every transition
    also emits a v2 session-log state transition through ActivityRuntime.
    """"""
    from __future__ import annotations

    import argparse
    import contextlib
>   import fcntl
E   ModuleNotFoundError: No module named 'fcntl'

harness\lib\runtime_status.py:11: ModuleNotFoundError
=========================== short test summary info ===========================
FAILED tests/harness/test_compiled_sprint_planner.py::test_generate_planner_artifacts_for_compiled_sprint
1 failed in 1.15s
"
P22-FN-L2-104,Foundation Features,Planner,TaskGraph Construction,1,Function implemented and test passed,PASS,fn_workflow_instantiate,.\.venv\Scripts\python.exe -m pytest -q tests/harness/workflow_contract/test_instantiate.py::test_instantiation_byte_identical_twice,0,2.018,"harness/lib/workflow_contract.py: instantiate(); harness/lib/apo_plan_compiler.py: build_capsule_plan_ir(), build_capsule_plan_node(); harness/lib/compiled_sprint_planner.py",TaskGraph and capsule-plan compilation are shipped; optimal critical-path/resource topology selection is not fully automatic.,Executable representative-core probe passed.
P22-FN-L2-105,Foundation Features,Planner,TaskGraph Validation & Feasibility Analysis,1,Function implemented and test passed,PASS,fn_plan_validator,.\.venv\Scripts\python.exe -m pytest -q tests/harness/workflow_contract/test_plan_validator.py::test_valid_dag_has_no_graph_structure_errors,0,2.222,"harness/lib/plan_validator.py: validate_plan(), stamp_plan_certificate(), check_plan_certificate(), compile_planner_graph(); harness/lib/graph_scheduler.py: validate_graph()",Static/registry feasibility is shipped; real provider/host availability can still change after compile.,Executable representative-core probe passed.
P22-FN-L2-106,Foundation Features,Builder,Build Contract Interpretation,1,Function implemented and test passed,PASS,fn_apo_plan,.\.venv\Scripts\python.exe -m pytest -q tests/harness/test_apo_plan_compiler.py::test_build_capsule_plan_node_inserts_guard_resource_and_verifier,0,2.266,harness/lib/apo_plan_compiler.py: compile_execution_plan_for_node(); harness/tools/pm_dispatch.py; harness/tools/skill_dispatch_operator.py,Envelope/plan compilation is shipped; no standalone generic BuildContractInterpreter class was found.,Executable representative-core probe passed.
P22-FN-L2-107,Foundation Features,Builder,Build Preparation,2,Function implemented but test failed,FAIL,fn_build_prepare,.\.venv\Scripts\python.exe -m pytest -q tests/vertical/installer_cli_webapp/test_cli_provider_onboarding_behavior.py::test_cli_doctor_reports_selected_codex_runtime,1,2.376,harness/tools/worktree.sh; lib/installer/*.sh; install.sh/install.ps1; harness/lib/runtime_doctor.py,Installer/worktree utilities exist; preparation is task-specific and must avoid real HOME during tests.,"(BASH), ""-lc"", command],
            cwd=REPO,
            text=True,
            encoding=""utf-8"",
            errors=""replace"",
            capture_output=True,
            timeout=60,
            check=False,
            env={**os.environ, ""PYTHONUTF8"": ""1"", ""PYTHONIOENCODING"": ""utf-8""},
        )
        assert completed.returncode in {0, 1}, completed.stderr
        payload = json.loads(completed.stdout)
        runtime = payload.get(""runtime"") or {}
        assert runtime.get(""selected"") == ""codex"", runtime
>       assert runtime.get(""cli"") == ""present"", runtime
E       AssertionError: {'auth': 'unauthenticated', 'cli': 'missing', 'cli_path': '', 'guidance': 'Run `codex login --device-auth` once, then start the cockpit with `solar harness start <project-dir>`.', ...}
E       assert 'missing' == 'present'
E
E         - present
E         + missing

tests\vertical\installer_cli_webapp\test_cli_provider_onboarding_behavior.py:78: AssertionError
=========================== short test summary info ===========================
FAILED tests/vertical/installer_cli_webapp/test_cli_provider_onboarding_behavior.py::test_cli_doctor_reports_selected_codex_runtime
1 failed in 1.37s
"
P22-FN-L2-108,Foundation Features,Builder,Code Construction,1,Function implemented and test passed,PASS,fn_code_construct,.\.venv\Scripts\python.exe -m pytest -q tests/harness/runtime/test_codex_operator_contract.py::test_multi_task_operator_envelope_carries_work_dir_and_graph_path,0,1.878,harness/lib/operator_runtime.py and harness/tools/codex_operator.py; agents/coder.md; no generic deterministic code-generation function,"Solar orchestrates external code agents; AGENTS.md states shipped runtime remains a Claude Code overlay, not an in-process code generator.",Executable representative-core probe passed.
P22-FN-L2-109,Foundation Features,Builder,Model Construction,3,Function not implemented and test blocked,BLOCKED,,,,0.0,Not found in current codebase. Adjacent benchmark only: benchmarks/mlx_quantization_bench.py,Not found in current codebase as a general model-construction pipeline. A quantization benchmark is not model training.,No direct core implementation was found; adjacent or partial surfaces do not satisfy this L2 contract.
P22-FN-L2-110,Foundation Features,Builder,Experimental Asset Construction,2,Function implemented but test failed,FAIL,wf_exp_design,.\.venv\Scripts\python.exe -m pytest -q tests/plugins/autosci/test_autosci_skill_shim.py::test_autosci_skill_shim_exp_design_marks_execution_ready_with_approval_preflight,1,4.127,".agents/skills/exp-design/SKILL.md, exp-run/SKILL.md, exp-pilot-run/SKILL.md; harness/workflows/scientific_experiment_lifecycle_v1.json",AutoSci experiment workflows and skills are shipped; domain-specific experiment construction is delegated to operators.,"ccess_criteria""]
        artifacts = {artifact[""type""]: artifact[""path""] for artifact in evidence[""artifacts""]}
        assert ""experiment_design_final_execution_boundary_json"" in artifacts
        sidecar = json.loads((tmp_path / artifacts[""experiment_design_final_execution_boundary_json""]).read_text(encoding=""utf-8""))
        assert sidecar[""status""] == ""execution_ready""
        payload_artifacts = {artifact[""type""]: artifact[""path""] for artifact in payload[""artifacts""]}
>       assert ""wiki_mutation_runtime_proof_manifest_json"" in payload_artifacts
E       AssertionError: assert 'wiki_mutation_runtime_proof_manifest_json' in {'route_config': 'C:\\Users\\j50058254\\Desktop\\Github repo\\OpenSolar-Canonical\\harness\\plugins\\autosci\\config\\...i_skill_shim_exp_de0\\artifacts\\autosci\\runs\\shim-exp-design-execution-ready\\autosci_skill_run_progress.json', ...}

tests\plugins\autosci\test_autosci_skill_shim.py:2290: AssertionError
=========================== short test summary info ===========================
FAILED tests/plugins/autosci/test_autosci_skill_shim.py::test_autosci_skill_shim_exp_design_marks_execution_ready_with_approval_preflight
1 failed in 3.25s
"
P22-FN-L2-111,Foundation Features,Builder,Benchmark Asset Construction,1,Function implemented and test passed,PASS,wf_benchmark_registry,.\.venv\Scripts\python.exe -m pytest -q tests/harness/benchmark/test_benchmark_registry.py::test_register_then_get_roundtrip,0,2.148,"harness/lib/benchmark/registry.py, schemas.py, terminal_bench.py, runner.py; tests/harness/benchmark/",Benchmark runner/reporting framework is shipped; authoring arbitrary new datasets/workloads is a developer task.,Executable representative-core probe passed.
P22-FN-L2-112,Foundation Features,Builder,Verification Asset Construction,1,Function implemented and test passed,PASS,fn_verification_gate,.\.venv\Scripts\python.exe -m pytest -q tests/harness/runtime/test_verification_gate.py::test_reject_code_task_without_test,0,1.971,skills/test/SKILL.md; tests/README.md; tests/** and tests/harness/**,Repository has multiple test suites/runners and skills/test; automated authoring is delegated to builders.,Executable representative-core probe passed.
P22-FN-L2-113,Foundation Features,Builder,Decision Artifact Construction,2,Function implemented but test failed,FAIL,wf_ideate,.\.venv\Scripts\python.exe -m pytest -q tests/plugins/autosci/test_autosci_skill_shim.py::test_autosci_skill_shim_runs_ideate_from_wiki_and_discovery_sources,1,6.809,".agents/skills/ideate/SKILL.md, novelty/SKILL.md, review/SKILL.md; harness/schemas/evidence/idea_candidate.v1.schema.json and idea_evaluation.v1.schema.json",Research/ideation/report skills can produce these artifacts; no single canonical decision-artifact constructor/schema was found.,"a_write_count""] == 0
        assert growth_report[""wiki_scan""][""source_mode""] == ""mixed""
        source_proof = json.loads((tmp_path / artifacts[""provider_source_runtime_proof_manifest_json""]).read_text(encoding=""utf-8""))
        source_proof_entry = source_proof[""proofs""][0]
        assert source_proof_entry[""native_skill""] == ""ideate""
        assert source_proof_entry[""categories""] == [""provider_source_evidence""]
        assert source_proof_entry[""collection_mode""] == ""manual_review""
        assert not any(category == ""external_runtime_evidence"" for category in source_proof_entry[""categories""])
>       assert any(ref.endswith(""methods/adaptation.md"") for ref in source_proof_entry[""evidence_refs""])
E       assert False
E        +  where False = any(<generator object test_autosci_skill_shim_runs_ideate_from_wiki_and_discovery_sources.<locals>.<genexpr> at 0x000001E45F802DC0>)

tests\plugins\autosci\test_autosci_skill_shim.py:10394: AssertionError
=========================== short test summary info ===========================
FAILED tests/plugins/autosci/test_autosci_skill_shim.py::test_autosci_skill_shim_runs_ideate_from_wiki_and_discovery_sources
1 failed in 5.93s
"
P22-FN-L2-114,Foundation Features,Builder,Prototype Assembly,3,Function not implemented and test blocked,BLOCKED,,,,0.0,Not found in current codebase as a unified constructor. Adjacent examples: demos/ and harness/tools/*_operator.py,Not found as a generic prototype assembler; individual demos and operator workflows are task-specific.,No direct core implementation was found; adjacent or partial surfaces do not satisfy this L2 contract.
P22-FN-L2-115,Foundation Features,Builder,Product Integration,1,Function implemented and test passed,PASS,fn_plan_validator,.\.venv\Scripts\python.exe -m pytest -q tests/harness/workflow_contract/test_plan_validator.py::test_valid_dag_has_no_graph_structure_errors,0,2.222,harness/lib/plan_validator.py and operator dispatch; task-specific integrations under integrations/ and harness/integrations/,No universal integration engine exists; integrations are task-specific code-agent work under plan/gate controls.,Executable representative-core probe passed.
P22-FN-L2-116,Foundation Features,Builder,Defect Repair,1,Function implemented and test passed,PASS,fn_code_construct,.\.venv\Scripts\python.exe -m pytest -q tests/harness/runtime/test_codex_operator_contract.py::test_multi_task_operator_envelope_carries_work_dir_and_graph_path,0,1.878,harness/lib/operator_runtime.py; agents/coder.md; docs/WORKFLOW_DESIGN.md §Bug fix scenario,Defect repair is performed by coding operators; no dedicated deterministic repair engine is shipped.,Executable representative-core probe passed.
P22-FN-L2-117,Foundation Features,Builder,Build Evidence Generation,1,Function implemented and test passed,PASS,fn_evidence_ledger,.\.venv\Scripts\python.exe -m pytest -q tests/harness/test_evidence_ledger.py::test_write_run_entry,0,1.952,harness/lib/evidence_ledger.py; harness/lib/benchmark/reports.py: write_run_artifacts(); harness/lib/operator_runtime.py: write_result(),Evidence ledger and benchmark manifests are shipped; exact build pack composition varies by capsule/workflow.,Executable representative-core probe passed.
P22-FN-L2-118,Foundation Features,Builder,Report/Paper/Deliverable Construction,1,Function implemented and test passed,PASS,wf_paper_draft,.\.venv\Scripts\python.exe -m pytest -q tests/plugins/autosci/test_autosci_skill_shim.py::test_autosci_skill_shim_paper_draft_writes_latex_source,0,3.757,".agents/skills/paper-plan/SKILL.md, paper-draft/SKILL.md, paper-compile/SKILL.md, poster/SKILL.md, rebuttal/SKILL.md, survey/SKILL.md",AutoSci report/paper/poster/rebuttal skills are shipped; each target format has separate prerequisites.,Executable representative-core probe passed.
P22-FN-L2-119,Foundation Features,Builder,Runtime Deliverable Construction,1,Function implemented and test passed,PASS,fn_release_contract,"""C:\Program Files\Git\bin\bash.exe"" -lc ""chmod +x \""$(pwd)/tests/platform/phase22/bin/python3\""; PATH=\""$(pwd)/tests/platform/phase22/bin:$PATH\"" ./tests/test_release_checklist.sh""",0,1.813,install.sh/install.ps1; distribution/pipx/; harness/docker/Dockerfile; deploy/; harness/workflows/,"Installer, distribution/pipx, Dockerfile, launchd and workflow artifacts exist; no universal runtime-deliverable builder covers all targets.",Executable representative-core probe passed.
P22-VT-L2-120,Vertical Features,Visibility / Statistics,Workflow & Platform Status Visibility,1,Function implemented and test passed,PASS,vt_status_scoping,.\.venv\Scripts\python.exe -m pytest -q tests/harness/test_status_server_session_scoping.py::test_events_for_request_filters_global_events_for_requested_sprint,0,2.144,"harness/lib/symphony/status-server.py: _current_sprint, _main_screen, _physical_operator_summary, _capability_health_summary, _orchestration_projection_payload, StatusHandler; core/dashboard/server.ts: getHealthSummary and Bun.serve routes.",Current behavior is local/operator visibility over available runtime artifacts. It is not an independent source of truth and does not promise that every external provider or data source has a live probe.,Executable representative-core probe passed.
P22-VT-L2-121,Vertical Features,Visibility / Statistics,Execution Trace Search & Inspection,1,Function implemented and test passed,PASS,vt_status_scoping,.\.venv\Scripts\python.exe -m pytest -q tests/harness/test_status_server_session_scoping.py::test_events_for_request_filters_global_events_for_requested_sprint,0,2.144,"core/daemon/message-executor.ts: recordOrchestrationEvent and getOrchestrationEvents; harness/lib/runtime_bridge.py: record_legacy_event/adopt_sprint; harness/lib/symphony/status-server.py: _runtime_events_path, _events_for_request and _send_sse_events.","The daemon supports taskId/type/since and the status service supports sprint_id/limit. A single query surface combining project, run, actor, start and end time, plus full tool-call/artifact text search, was not found in current codebase.",Executable representative-core probe passed.
P22-VT-L2-122,Vertical Features,Visibility / Statistics,Runtime status visibility,1,Function implemented and test passed,PASS,vt_status_usage,.\.venv\Scripts\python.exe -m pytest -q tests/harness/test_status_server_usage_runtime.py::test_codex_runtime_does_not_project_claude_quota_rows,0,2.24,"harness/lib/symphony/status-server.py: _pane_snapshot, _main_screen and _physical_operator_summary; core/benchmark/reporter.ts: collectHardwareInfo; core/dashboard/server.ts: getHealthSummary/startHealthMonitor.","Live CPU percentage, GPU utilization/VRAM, process memory, disk I/O, and network telemetry were not found in current codebase. Existing CPU/memory data is mainly static benchmark hardware metadata.",Executable representative-core probe passed.
P22-VT-L2-123,Vertical Features,Visibility / Statistics,"Resource Usage, Cost & Capacity Management",1,Function implemented and test passed,PASS,vt_status_usage,.\.venv\Scripts\python.exe -m pytest -q tests/harness/test_status_server_usage_runtime.py::test_codex_runtime_does_not_project_claude_quota_rows,0,2.24,"harness/codex-budget.sh; harness/lib/operator_flow_control.py; harness/lib/symphony/status-server.py: _usage_payload, _operator_capacity_class and _role_pool_summary; core/daemon/server.ts token-stat routes.","Current coverage is strongest for tokens, calls, provider quota/block state, and operator capacity. Unified monetary, compute, storage, data, tool, and human-review cost allocation by every listed dimension was not found in current codebase.",Executable representative-core probe passed.
P22-VT-L2-124,Vertical Features,Installer & CLI & Webapp,Windows App,1,Function implemented and test passed,PASS,vt_windows_app,"C:\Users\j50058254\.cache\codex-runtimes\codex-primary-runtime\dependencies\node\bin\node.exe --test ""C:\Users\j50058254\Desktop\Github repo\OpenSolar-Canonical\tests\desktop\src\runtime-detect.test.js""",0,0.266,"desktop/src/main.js: runWindowsBootstrap, classifyRuntimeState, startBackendWindows, createWindow and loadDashboard; desktop/src/runtime-detect.js: wslDistro/wslHasDistro/wslState/wslExec; install.ps1 main flow.",Native non-WSL Windows runtime is out of scope. Windows support is experimental and full first-run proof on real hardware remains owner-manual.,Executable representative-core probe passed.
P22-VT-L2-125,Vertical Features,Installer & CLI & Webapp,MacOS App,2,Function implemented but test failed,FAIL,vt_macos_app,"C:\Users\j50058254\.cache\codex-runtimes\codex-primary-runtime\dependencies\node\bin\node.exe --test ""C:\Users\j50058254\Desktop\Github repo\OpenSolar-Canonical\tests\desktop\bootstrap-contract.test.js""",1,0.249,"desktop/src/main.js: runUnixBootstrap, installMacLaunchAgent, syncBundledHarnessLocal, classifyRuntimeState and createWindow; desktop/prepackage-check.js; desktop/verify-macos-package.sh.","Build wiring exists, but signed/notarized distribution and a fresh real-machine native DMG release proof are not established in current repository evidence.","rs are cleared before start
PASS macOS bundled sync installs LaunchAgent
PASS mac package carries LaunchAgent helper resources
PASS get-solar fallback defaults to the package release channel
PASS session UI has an error boundary fallback
PASS desktop persists renderer/runtime diagnostics to log file
PASS desktop selftest validates the loaded runtime dashboard
PASS desktop selftest fails when a requested screenshot cannot be written
PASS desktop selftest fails immediately on renderer crash or unresponsiveness
PASS dashboard listener cleanup tolerates renderer teardown
PASS desktop autotest runs the selftest truth suite
PASS Electron selftest can verify a built executable
PASS Linux desktop entry matches Electron's runtime window class
PASS desktop autotest runs this bootstrap/package contract
✖ C:\Users\j50058254\Desktop\Github repo\OpenSolar-Canonical\tests\desktop\bootstrap-contract.test.js (112.4378ms)
ℹ tests 1
ℹ suites 0
ℹ pass 0
ℹ fail 1
ℹ cancelled 0
ℹ skipped 0
ℹ todo 0
ℹ duration_ms 128.4856

✖ failing tests:

test at tests\desktop\bootstrap-contract.test.js:1:1
✖ C:\Users\j50058254\Desktop\Github repo\OpenSolar-Canonical\tests\desktop\bootstrap-contract.test.js (112.4378ms)
  'test failed'
"
P22-VT-L2-126,Vertical Features,Installer & CLI & Webapp,MacOS CLI,2,Function implemented but test failed,FAIL,vt_cli,.\.venv\Scripts\python.exe -m pytest -q tests/vertical/installer_cli_webapp/test_cli_provider_onboarding_behavior.py::test_cli_doctor_reports_selected_codex_runtime,1,2.457,lib/installer/main.sh: main; lib/installer/common.sh: detect_os/detect_python; lib/installer/components.sh: install_components; bin/solar: doctor/do_backup/do_restore/do_repair/do_update/uninstall.,"CLI installation is first-class on macOS, but live model behavior is not proven by deterministic install checks and macOS system Bash 3.2 is insufficient for live harness work.","(BASH), ""-lc"", command],
            cwd=REPO,
            text=True,
            encoding=""utf-8"",
            errors=""replace"",
            capture_output=True,
            timeout=60,
            check=False,
            env={**os.environ, ""PYTHONUTF8"": ""1"", ""PYTHONIOENCODING"": ""utf-8""},
        )
        assert completed.returncode in {0, 1}, completed.stderr
        payload = json.loads(completed.stdout)
        runtime = payload.get(""runtime"") or {}
        assert runtime.get(""selected"") == ""codex"", runtime
>       assert runtime.get(""cli"") == ""present"", runtime
E       AssertionError: {'auth': 'unauthenticated', 'cli': 'missing', 'cli_path': '', 'guidance': 'Run `codex login --device-auth` once, then start the cockpit with `solar harness start <project-dir>`.', ...}
E       assert 'missing' == 'present'
E
E         - present
E         + missing

tests\vertical\installer_cli_webapp\test_cli_provider_onboarding_behavior.py:78: AssertionError
=========================== short test summary info ===========================
FAILED tests/vertical/installer_cli_webapp/test_cli_provider_onboarding_behavior.py::test_cli_doctor_reports_selected_codex_runtime
1 failed in 1.41s
"
P22-VT-L2-127,Vertical Features,Installer & CLI & Webapp,Linux Cli,2,Function implemented but test failed,FAIL,vt_cli,.\.venv\Scripts\python.exe -m pytest -q tests/vertical/installer_cli_webapp/test_cli_provider_onboarding_behavior.py::test_cli_doctor_reports_selected_codex_runtime,1,2.457,lib/installer/main.sh and common.sh; lib/installer/system-deps.sh; bin/solar doctor/update/repair/backup/restore/uninstall; desktop/runtime/install-linux-service.sh.,"Repository code has explicit apt-get support and generic Linux paths, but not a declared exhaustive distro/package-manager matrix.","(BASH), ""-lc"", command],
            cwd=REPO,
            text=True,
            encoding=""utf-8"",
            errors=""replace"",
            capture_output=True,
            timeout=60,
            check=False,
            env={**os.environ, ""PYTHONUTF8"": ""1"", ""PYTHONIOENCODING"": ""utf-8""},
        )
        assert completed.returncode in {0, 1}, completed.stderr
        payload = json.loads(completed.stdout)
        runtime = payload.get(""runtime"") or {}
        assert runtime.get(""selected"") == ""codex"", runtime
>       assert runtime.get(""cli"") == ""present"", runtime
E       AssertionError: {'auth': 'unauthenticated', 'cli': 'missing', 'cli_path': '', 'guidance': 'Run `codex login --device-auth` once, then start the cockpit with `solar harness start <project-dir>`.', ...}
E       assert 'missing' == 'present'
E
E         - present
E         + missing

tests\vertical\installer_cli_webapp\test_cli_provider_onboarding_behavior.py:78: AssertionError
=========================== short test summary info ===========================
FAILED tests/vertical/installer_cli_webapp/test_cli_provider_onboarding_behavior.py::test_cli_doctor_reports_selected_codex_runtime
1 failed in 1.41s
"
P22-VT-L2-128,Vertical Features,Installer & CLI & Webapp,Web Application & Status Service,2,Function implemented but test failed,FAIL,vt_status_dashboard,.\.venv\Scripts\python.exe tests/harness/test_status_server_p0_dashboard.py,1,1.077,"harness/lib/symphony/status-server.py: StatusHandler, _p0_dashboard_html and main server startup; core/dashboard/server.ts: Bun.serve; desktop/src/main.js: probeHealth, startBackend and loadDashboard.","This is a local single-user operator application/status service, not a hosted multi-tenant web account platform. Several views depend on locally installed runtime files.","Traceback (most recent call last):
  File ""C:\Users\j50058254\Desktop\Github repo\OpenSolar-Canonical\tests\harness\test_status_server_p0_dashboard.py"", line 300, in <module>
    main()
    ~~~~^^
  File ""C:\Users\j50058254\Desktop\Github repo\OpenSolar-Canonical\tests\harness\test_status_server_p0_dashboard.py"", line 209, in main
    assert settings[""write_supported""] is False
           ^^^^^^^^^^^^^^^^^^^^^^^^^^^^^^^^^^^^
AssertionError
"
P22-VT-L2-129,Vertical Features,UI,CLI,2,Function implemented but test failed,FAIL,vt_cli,.\.venv\Scripts\python.exe -m pytest -q tests/vertical/installer_cli_webapp/test_cli_provider_onboarding_behavior.py::test_cli_doctor_reports_selected_codex_runtime,1,2.457,bin/solar command dispatcher and doctor/do_backup/do_restore/do_ui/uninstall; harness/control-plane.sh; harness/lib/runtime_bridge.py; harness/plugins/autosci/bin/autosci_skill_shim.py.,"Structured JSON is implemented for selected commands such as doctor/status evidence, not uniformly for every CLI verb. Live model behavior remains provider-dependent.","(BASH), ""-lc"", command],
            cwd=REPO,
            text=True,
            encoding=""utf-8"",
            errors=""replace"",
            capture_output=True,
            timeout=60,
            check=False,
            env={**os.environ, ""PYTHONUTF8"": ""1"", ""PYTHONIOENCODING"": ""utf-8""},
        )
        assert completed.returncode in {0, 1}, completed.stderr
        payload = json.loads(completed.stdout)
        runtime = payload.get(""runtime"") or {}
        assert runtime.get(""selected"") == ""codex"", runtime
>       assert runtime.get(""cli"") == ""present"", runtime
E       AssertionError: {'auth': 'unauthenticated', 'cli': 'missing', 'cli_path': '', 'guidance': 'Run `codex login --device-auth` once, then start the cockpit with `solar harness start <project-dir>`.', ...}
E       assert 'missing' == 'present'
E
E         - present
E         + missing

tests\vertical\installer_cli_webapp\test_cli_provider_onboarding_behavior.py:78: AssertionError
=========================== short test summary info ===========================
FAILED tests/vertical/installer_cli_webapp/test_cli_provider_onboarding_behavior.py::test_cli_doctor_reports_selected_codex_runtime
1 failed in 1.41s
"
P22-VT-L2-130,Vertical Features,UI,GUI,2,Function implemented but test failed,FAIL,vt_gui,"C:\Users\j50058254\.cache\codex-runtimes\codex-primary-runtime\dependencies\node\bin\node.exe --test ""C:\Users\j50058254\Desktop\Github repo\OpenSolar-Canonical\tests\desktop\frontend-scenarios.test.js""",1,0.252,"desktop/src/main.js: createWindow, classifyRuntimeState, runAction and loadDashboard; harness/lib/symphony/status-server.py: _p0_dashboard_html and StatusHandler; desktop/src/preload.js.",Current GUI is a local Electron/web dashboard. Comprehensive accessibility behavior and every approval/control workflow are not proven across all views.,"veImpl (node:internal/modules/cjs/loader:1066:19)
    at resolveForCJSWithHooks (node:internal/modules/cjs/loader:1071:22)
    at Module._load (node:internal/modules/cjs/loader:1242:25)
    at wrapModuleLoad (node:internal/modules/cjs/loader:255:19)
    at Module.require (node:internal/modules/cjs/loader:1556:12)
    at require (node:internal/modules/helpers:152:16)
    at Object.<anonymous> (C:\Users\j50058254\Desktop\Github repo\OpenSolar-Canonical\tests\desktop\frontend-scenarios.test.js:16:22)
    at Module._compile (node:internal/modules/cjs/loader:1812:14)
    at Object..js (node:internal/modules/cjs/loader:1943:10) {
  code: 'MODULE_NOT_FOUND',
  requireStack: [
    'C:\\Users\\j50058254\\Desktop\\Github repo\\OpenSolar-Canonical\\desktop\\frontend-scenarios.test.js'
  ]
}

Node.js v24.14.0
✖ C:\Users\j50058254\Desktop\Github repo\OpenSolar-Canonical\tests\desktop\frontend-scenarios.test.js (109.3327ms)
ℹ tests 1
ℹ suites 0
ℹ pass 0
ℹ fail 1
ℹ cancelled 0
ℹ skipped 0
ℹ todo 0
ℹ duration_ms 132.9857

✖ failing tests:

test at tests\desktop\frontend-scenarios.test.js:1:1
✖ C:\Users\j50058254\Desktop\Github repo\OpenSolar-Canonical\tests\desktop\frontend-scenarios.test.js (109.3327ms)
  'test failed'
"
P22-VT-L2-131,Vertical Features,UI,TUI,2,Function implemented but test failed,FAIL,vt_tui,.\.venv\Scripts\python.exe -m pytest -q tests/harness/integration/test_tui_pane_e2e.py,2,1.896,"harness/lib/cli/solar_ui_lite.py: main, collect_state, collect_runtime and render; core/ui/dashboard.ts: SolarDashboard; core/ui/v2/runtime.ts: UIRuntime.",Monitoring is shipped through the read-only UI-lite surface. Authorized workflow-control actions from the TUI description are not found in the current installed TUI path.,"
=================================== ERRORS ====================================
_______ ERROR collecting tests/harness/integration/test_tui_pane_e2e.py _______
ImportError while importing test module 'C:\Users\j50058254\Desktop\Github repo\OpenSolar-Canonical\tests\harness\integration\test_tui_pane_e2e.py'.
Hint: make sure your test modules/packages have valid Python names.
Traceback:
tmp\test-deps\python\cpython-3.14.2-windows-x86_64-none\Lib\importlib\__init__.py:88: in import_module
    return _bootstrap._gcd_import(name[level:], package, level)
           ^^^^^^^^^^^^^^^^^^^^^^^^^^^^^^^^^^^^^^^^^^^^^^^^^^^^
tests\harness\integration\test_tui_pane_e2e.py:13: in <module>
    from pane_hygiene_registry import PaneHygieneRegistry, PaneState
harness\lib\pane_hygiene_registry.py:5: in <module>
    import fcntl
E   ModuleNotFoundError: No module named 'fcntl'
=========================== short test summary info ===========================
ERROR tests/harness/integration/test_tui_pane_e2e.py
!!!!!!!!!!!!!!!!!!! Interrupted: 1 error during collection !!!!!!!!!!!!!!!!!!!!
1 error in 0.81s
"
P22-VT-L2-132,Vertical Features,Account management,Account Registration,3,Function not implemented and test blocked,BLOCKED,,,,0.0,Not found in current codebase.,"Provider CLI authentication, local display-name settings, agent registration, capability registration, and OS autostart registration are not product-account registration.",No direct core implementation was found; adjacent or partial surfaces do not satisfy this L2 contract.
P22-VT-L2-133,Vertical Features,Account management,Authentication & Session Security,2,Function implemented but test failed,FAIL,vt_auth,.\.venv\Scripts\python.exe -m pytest -q tests/harness/supervision/test_run_preflight.py::test_auth_absent_fails_closed,4,1.72,"harness/lib/symphony/status-server.py: _authorized, _auth_status_payload, _auth_login_start, _auth_reuse_host_creds and StatusHandler; harness/lib/operator_flow_control.py auth-failure classification.","Solar account sign-in/sign-out, password recovery, session inventory/revocation, and suspicious product-account access history were not found. Provider credentials are owned by external CLIs.","ERROR: found no collectors for C:\Users\j50058254\Desktop\Github repo\OpenSolar-Canonical\tests\harness\supervision\test_run_preflight.py::test_auth_absent_fails_closed

"
P22-VT-L2-134,Vertical Features,Account management,User Profile Management,2,Function implemented but test failed,FAIL,vt_status_dashboard,.\.venv\Scripts\python.exe tests/harness/test_status_server_p0_dashboard.py,1,1.077,"harness/lib/symphony/status-server.py: _settings_payload, _read_user_config, _write_user_config, _write_user_config_models, _write_user_config_runtime and _settings_write_payload.","Identity is an unverified local display name. Expertise, product-account roles, notification-choice model, and accessibility preferences were not found as complete supported profile fields.","Traceback (most recent call last):
  File ""C:\Users\j50058254\Desktop\Github repo\OpenSolar-Canonical\tests\harness\test_status_server_p0_dashboard.py"", line 300, in <module>
    main()
    ~~~~^^
  File ""C:\Users\j50058254\Desktop\Github repo\OpenSolar-Canonical\tests\harness\test_status_server_p0_dashboard.py"", line 209, in main
    assert settings[""write_supported""] is False
           ^^^^^^^^^^^^^^^^^^^^^^^^^^^^^^^^^^^^
AssertionError
"
P22-VT-L2-135,Vertical Features,Account management,Privacy & Personal Data Controls,1,Function implemented and test passed,PASS,vt_privacy,"""C:\Program Files\Git\bin\bash.exe"" -lc ""chmod +x \""$(pwd)/tests/platform/phase22/bin/python3\""; PATH=\""$(pwd)/tests/platform/phase22/bin:$PATH\"" ./tests/test_repo_hygiene.sh""",0,12.952,bin/solar do_backup/do_restore/uninstall; core/config/privacy.ts getters; harness/lib/apple_notes_ingest.py redact; scripts/check-privacy.sh.,"No UI/API for data-subject inspection/export scope, retention schedules, selective deletion, consent records, or revocation of message-derived consent was found.",Executable representative-core probe passed.
P22-VT-L2-136,Vertical Features,Message Channels,Wechat,2,Function implemented but test failed,FAIL,vt_wechat,"""C:\Program Files\Git\bin\bash.exe"" -lc ""chmod +x \""$(pwd)/tests/platform/phase22/bin/python3\""; PATH=\""$(pwd)/tests/platform/phase22/bin:$PATH\"" ./tests/harness/test_apple_notes_ingest.sh""",1,1.529,harness/lib/apple_notes_ingest.py: cmd_scan/main and WeChat parsing/fetch helpers; harness/tools/apple_notes_ingest.py mirrored tool surface; write_wiki_ingest_dispatch.,"Implemented intake is the Apple Notes/macOS bridge, not a general WeChat account, Mini Program, clipboard, bot, login, or arbitrary channel connector. Authorization is implicit in user-provided note content, not a formal consent record.","Traceback (most recent call last):
  File ""<string>"", line 3, in <module>
    cfg = json.load(open('/tmp/tmp.NMnY4ZGeWI/harness/config/apple-notes-ingest.json'))
                    ~~~~^^^^^^^^^^^^^^^^^^^^^^^^^^^^^^^^^^^^^^^^^^^^^^^^^^^^^^^^^^^^^^
FileNotFoundError: [Errno 2] No such file or directory: '/tmp/tmp.NMnY4ZGeWI/harness/config/apple-notes-ingest.json'
"
P22-VT-L2-137,Vertical Features,Message Channels,Discord,3,Function not implemented and test blocked,BLOCKED,,,,0.0,Not found in current codebase.,"A presentation string mentioning Discord in harness/scripts/tech_hotspot_radar.py is not a connector. Existing Gmail, Telegram, iMessage, ntfy and Pushover code does not implement Discord.",No direct core implementation was found; adjacent or partial surfaces do not satisfy this L2 contract.
P22-VT-L2-138,Vertical Features,Message Channels,TMUX,1,Function implemented and test passed,PASS,vt_tmux,.\.venv\Scripts\python.exe -m pytest -q tests/harness/test_tmux_notification_bridge.py::test_notify_tmux_state_emits_tmux_commands,0,1.979,harness/coordinator.sh dispatch and pane helpers; harness/coordinator-watchdog.sh recovery; harness/lib/symphony/status-server.py _run_tmux/_pane_snapshot/_main_screen; harness/lib/cli/solar_ui_lite.py collect_runtime.,"tmux is a POSIX/WSL terminal surface, not native Windows. Private model reasoning is not observable; only pane text, events, assignments and artifacts are evidence.",Executable representative-core probe passed.
P22-VT-L2-139,Vertical Features,System Configurations,LLM Config,2,Function implemented but test failed,FAIL,vt_status_dashboard,.\.venv\Scripts\python.exe tests/harness/test_status_server_p0_dashboard.py,1,1.077,"harness/lib/symphony/status-server.py: _model_id_to_alias, _alias_to_model_id, _write_user_config_models, _write_user_config_runtime, _write_provider_keys and _settings_write_payload; harness/model_registry.py.",Configured provider presence is not proof of live model availability. Some registries contain compatibility/deprecated entries and must not be treated as active without state checks.,"Traceback (most recent call last):
  File ""C:\Users\j50058254\Desktop\Github repo\OpenSolar-Canonical\tests\harness\test_status_server_p0_dashboard.py"", line 300, in <module>
    main()
    ~~~~^^
  File ""C:\Users\j50058254\Desktop\Github repo\OpenSolar-Canonical\tests\harness\test_status_server_p0_dashboard.py"", line 209, in main
    assert settings[""write_supported""] is False
           ^^^^^^^^^^^^^^^^^^^^^^^^^^^^^^^^^^^^
AssertionError
"
P22-VT-L2-140,Vertical Features,System Configurations,User Settings,1,Function implemented and test passed,PASS,vt_user_settings,.\.venv\Scripts\python.exe -m pytest -q tests/harness/config/test_spine_registry.py::test_user_config_defaults_are_neutral,0,1.859,"harness/lib/symphony/status-server.py: _settings_payload, _read_user_config, _write_user_config, _write_user_config_codex and _settings_write_payload; installer config merge/render scripts.",There is no cloud synchronization or formal all-fields JSON Schema. Some desired preferences in the L2 wording are only represented as concrete existing keys.,Executable representative-core probe passed.
P22-VT-L2-141,Vertical Features,System Configurations,Cost/Budget Settings,1,Function implemented and test passed,PASS,vt_cost_budget,.\.venv\Scripts\python.exe -m pytest -q tests/harness/integrations/gepa_optimizer/test_budgets.py::TestBudget::test_valid_budget,0,1.965,"harness/codex-budget.sh cmd_check/cmd_consume/cmd_reset/cmd_status; harness/lib/operator_flow_control.py ensure_operator_available, persist_operator_block, prune_expired_operator_config_blocks and apply_failure_flow_control.","Token/call and operator quota controls are implemented. General monetary, compute and storage budgets by arbitrary provider/model/project/task, soft warning policy, and cost-based rerouting are incomplete or not found.",Executable representative-core probe passed.
P22-VT-L2-142,Vertical Features,System Configurations,Cluster setting,1,Function implemented and test passed,PASS,vt_cluster,C:\Users\j50058254\.cache\codex-runtimes\codex-primary-runtime\dependencies\node\bin\node.exe --experimental-transform-types --loader ./tests/platform/phase22/node_typescript_loader.mjs --test ./tests/vertical/system_configurations/test_hive_cluster_behavior.mjs,0,0.532,core/hive/node.ts; core/hive/discovery/mdns.ts; core/hive/transport/p2p.ts; core/hive/scheduler.ts; core/hive/cli/node.ts; harness/lib/remote_dispatch.py; harness/lib/operator_flow_control.py; harness/lib/symphony/status-server.py: _physical_operator_summary.,"actor-hosts.json contains documentation/stub hosts and must not be treated as live topology without probes. HIVE is documented as Phase 2 discovery/communication, not a fully proven production cluster manager.",Executable representative-core probe passed.
